#
# There is insufficient memory for the Java Runtime Environment to continue.
# Native memory allocation (malloc) failed to allocate 1099056 bytes. Error detail: Chunk::new
# Possible reasons:
#   The system is out of physical RAM or swap space
#   This process is running with CompressedOops enabled, and the Java Heap may be blocking the growth of the native heap
# Possible solutions:
#   Reduce memory load on the system
#   Increase physical memory or swap space
#   Check if swap backing store is full
#   Decrease Java heap size (-Xmx/-Xms)
#   Decrease number of Java threads
#   Decrease Java thread stack sizes (-Xss)
#   Set larger code cache with -XX:ReservedCodeCacheSize=
#   JVM is running with Unscaled Compressed Oops mode in which the Java heap is
#     placed in the first 4GB address space. The Java Heap base address is the
#     maximum limit for the native heap growth. Please use -XX:HeapBaseMinAddress
#     to set the Java Heap base and to place the Java Heap above 4GB virtual address.
# This output file may be truncated or incomplete.
#
#  Out of Memory Error (arena.cpp:168), pid=21436, tid=7888
#
# JRE version: OpenJDK Runtime Environment (21.0.10) (build 21.0.10+-14961533-b1163.108)
# Java VM: OpenJDK 64-Bit Server VM (21.0.10+-14961533-b1163.108, mixed mode, tiered, compressed oops, compressed class ptrs, g1 gc, windows-amd64)
# No core dump will be written. Minidumps are not enabled by default on client versions of Windows
#

---------------  S U M M A R Y ------------

Command Line: --add-opens=java.base/java.lang=ALL-UNNAMED --add-opens=java.base/java.lang.invoke=ALL-UNNAMED --add-opens=java.base/java.util=ALL-UNNAMED --add-opens=java.prefs/java.util.prefs=ALL-UNNAMED --add-exports=jdk.compiler/com.sun.tools.javac.api=ALL-UNNAMED --add-exports=jdk.compiler/com.sun.tools.javac.util=ALL-UNNAMED --add-opens=java.base/java.nio.charset=ALL-UNNAMED --add-opens=java.base/java.net=ALL-UNNAMED --add-opens=java.base/java.util.concurrent=ALL-UNNAMED --add-opens=java.base/java.util.concurrent.atomic=ALL-UNNAMED --add-opens=java.xml/javax.xml.namespace=ALL-UNNAMED --add-opens=java.base/java.time=ALL-UNNAMED -Xmx2048m -Dfile.encoding=UTF-8 -Duser.country=CI -Duser.language=fr -Duser.variant -javaagent:C:\Users\HP\.gradle\wrapper\dists\gradle-9.5.0-bin\bvnork1r7n8i6kp5cnkibsc9q\gradle-9.5.0\lib\agents\gradle-instrumentation-agent-9.5.0.jar org.gradle.launcher.daemon.bootstrap.GradleDaemon 9.5.0

Host: Intel(R) Celeron(R) N4120 CPU @ 1.10GHz, 4 cores, 3G,  Windows 11 , 64 bit Build 26100 (10.0.26100.8875)
Time: Wed Jul 22 17:21:17 2026 Greenwich elapsed time: 1816.100366 seconds (0d 0h 30m 16s)

---------------  T H R E A D  ---------------

Current thread (0x000001f53b1cc0d0):  JavaThread "C2 CompilerThread0" daemon [_thread_in_native, id=7888, stack(0x0000008b68900000,0x0000008b68a00000) (1024K)]


Current CompileTask:
C2:1816101 13737   !   4       org.jetbrains.kotlin.metadata.ProtoBuf$Constructor::<init> (705 bytes)

Stack: [0x0000008b68900000,0x0000008b68a00000]
Native frames: (J=compiled Java code, j=interpreted, Vv=VM code, C=native code)
V  [jvm.dll+0x6d78a9]
V  [jvm.dll+0x8665b3]
V  [jvm.dll+0x868bde]
V  [jvm.dll+0x8692c3]
V  [jvm.dll+0x280ee6]
V  [jvm.dll+0xc07cd]
V  [jvm.dll+0xc0d03]
V  [jvm.dll+0x3ba091]
V  [jvm.dll+0x385df7]
V  [jvm.dll+0x38526a]
V  [jvm.dll+0x249bd2]
V  [jvm.dll+0x2491a1]
V  [jvm.dll+0x1c76e4]
V  [jvm.dll+0x25891e]
V  [jvm.dll+0x256e66]
V  [jvm.dll+0x3f513e]
V  [jvm.dll+0x80fd28]
V  [jvm.dll+0x6d60fd]
C  [ucrtbase.dll+0x2cd30]
C  [KERNEL32.DLL+0x2e957]
C  [ntdll.dll+0xaad6c]


---------------  P R O C E S S  ---------------

Threads class SMR info:
_java_thread_list=0x000001f5440fab40, length=43, elements={
0x000001f5241f44d0, 0x000001f53b1b3230, 0x000001f53b1e0b10, 0x000001f53b1e20e0,
0x000001f53b1c67f0, 0x000001f53b1c6e60, 0x000001f53b1c98d0, 0x000001f53b1ca330,
0x000001f53b1cc0d0, 0x000001f53b22a870, 0x000001f53b4c52a0, 0x000001f5411f2de0,
0x000001f54122b7c0, 0x000001f5405fae60, 0x000001f540bf0020, 0x000001f540641390,
0x000001f54163b770, 0x000001f540fce380, 0x000001f5413da040, 0x000001f5413dc7a0,
0x000001f5413d99b0, 0x000001f5413dba80, 0x000001f5413dce30, 0x000001f5413dad60,
0x000001f5413dc110, 0x000001f542d4f130, 0x000001f542d4d060, 0x000001f542d4fe50,
0x000001f542d4e410, 0x000001f542d50b70, 0x000001f542d4d6f0, 0x000001f542d51200,
0x000001f542d504e0, 0x000001f542d4dd80, 0x000001f542d51f20, 0x000001f542d54680,
0x000001f542d53ff0, 0x000001f542d532d0, 0x000001f542d4eaa0, 0x000001f542d53960,
0x000001f54483d110, 0x000001f54483eb50, 0x000001f54483bd60
}

Java Threads: ( => current thread )
  0x000001f5241f44d0 JavaThread "main"                              [_thread_blocked, id=17240, stack(0x0000008b67a00000,0x0000008b67b00000) (1024K)]
  0x000001f53b1b3230 JavaThread "Common-Cleaner"             daemon [_thread_blocked, id=21264, stack(0x0000008b68200000,0x0000008b68300000) (1024K)]
  0x000001f53b1e0b10 JavaThread "Reference Handler"          daemon [_thread_blocked, id=15684, stack(0x0000008b68300000,0x0000008b68400000) (1024K)]
  0x000001f53b1e20e0 JavaThread "Finalizer"                  daemon [_thread_blocked, id=19176, stack(0x0000008b68400000,0x0000008b68500000) (1024K)]
  0x000001f53b1c67f0 JavaThread "Signal Dispatcher"          daemon [_thread_blocked, id=18388, stack(0x0000008b68500000,0x0000008b68600000) (1024K)]
  0x000001f53b1c6e60 JavaThread "Attach Listener"            daemon [_thread_blocked, id=7316, stack(0x0000008b68600000,0x0000008b68700000) (1024K)]
  0x000001f53b1c98d0 JavaThread "Service Thread"             daemon [_thread_blocked, id=20020, stack(0x0000008b68700000,0x0000008b68800000) (1024K)]
  0x000001f53b1ca330 JavaThread "Monitor Deflation Thread"   daemon [_thread_blocked, id=16956, stack(0x0000008b68800000,0x0000008b68900000) (1024K)]
=>0x000001f53b1cc0d0 JavaThread "C2 CompilerThread0"         daemon [_thread_in_native, id=7888, stack(0x0000008b68900000,0x0000008b68a00000) (1024K)]
  0x000001f53b22a870 JavaThread "C1 CompilerThread0"         daemon [_thread_blocked, id=19812, stack(0x0000008b68a00000,0x0000008b68b00000) (1024K)]
  0x000001f53b4c52a0 JavaThread "Notification Thread"        daemon [_thread_blocked, id=16852, stack(0x0000008b68b00000,0x0000008b68c00000) (1024K)]
  0x000001f5411f2de0 JavaThread "Daemon health stats"               [_thread_blocked, id=10600, stack(0x0000008b67800000,0x0000008b67900000) (1024K)]
  0x000001f54122b7c0 JavaThread "Incoming local TCP Connector on port 61976"        [_thread_in_native, id=20144, stack(0x0000008b68e00000,0x0000008b68f00000) (1024K)]
  0x000001f5405fae60 JavaThread "Daemon periodic checks"            [_thread_blocked, id=7184, stack(0x0000008b68f00000,0x0000008b69000000) (1024K)]
  0x000001f540bf0020 JavaThread "Daemon"                            [_thread_blocked, id=15476, stack(0x0000008b69000000,0x0000008b69100000) (1024K)]
  0x000001f540641390 JavaThread "Handler for socket connection from /127.0.0.1:61976 to /127.0.0.1:61979"        [_thread_in_native, id=7120, stack(0x0000008b69100000,0x0000008b69200000) (1024K)]
  0x000001f54163b770 JavaThread "Cancel handler"                    [_thread_blocked, id=17976, stack(0x0000008b69200000,0x0000008b69300000) (1024K)]
  0x000001f540fce380 JavaThread "Daemon worker"                     [_thread_in_native, id=15664, stack(0x0000008b69300000,0x0000008b69400000) (1024K)]
  0x000001f5413da040 JavaThread "Asynchronous log dispatcher for DefaultDaemonConnection: socket connection from /127.0.0.1:61976 to /127.0.0.1:61979"        [_thread_blocked, id=19576, stack(0x0000008b69400000,0x0000008b69500000) (1024K)]
  0x000001f5413dc7a0 JavaThread "Stdin handler"                     [_thread_blocked, id=13176, stack(0x0000008b69500000,0x0000008b69600000) (1024K)]
  0x000001f5413d99b0 JavaThread "Daemon client event forwarder"        [_thread_blocked, id=7928, stack(0x0000008b69600000,0x0000008b69700000) (1024K)]
  0x000001f5413dba80 JavaThread "Cache worker for journal cache (C:\Users\HP\.gradle\caches\journal-1)"        [_thread_blocked, id=7244, stack(0x0000008b69700000,0x0000008b69800000) (1024K)]
  0x000001f5413dce30 JavaThread "File lock request listener"        [_thread_in_native, id=10580, stack(0x0000008b69800000,0x0000008b69900000) (1024K)]
  0x000001f5413dad60 JavaThread "Cache worker for file hash cache (C:\Users\HP\.gradle\caches\9.5.0\fileHashes)"        [_thread_blocked, id=15448, stack(0x0000008b69900000,0x0000008b69a00000) (1024K)]
  0x000001f5413dc110 JavaThread "Cache worker for file hash cache (C:\Users\HP\AndroidStudioProjects\MOBILITI\.gradle\9.5.0\fileHashes)"        [_thread_blocked, id=19632, stack(0x0000008b67700000,0x0000008b67800000) (1024K)]
  0x000001f542d4f130 JavaThread "Cache worker for Build Output Cleanup Cache (C:\Users\HP\AndroidStudioProjects\MOBILITI\.gradle\buildOutputCleanup)"        [_thread_blocked, id=10740, stack(0x0000008b69a00000,0x0000008b69b00000) (1024K)]
  0x000001f542d4d060 JavaThread "File watcher server"        daemon [_thread_in_native, id=20488, stack(0x0000008b69b00000,0x0000008b69c00000) (1024K)]
  0x000001f542d4fe50 JavaThread "File watcher consumer"      daemon [_thread_blocked, id=18548, stack(0x0000008b69c00000,0x0000008b69d00000) (1024K)]
  0x000001f542d4e410 JavaThread "jar transforms"                    [_thread_blocked, id=128, stack(0x0000008b69d00000,0x0000008b69e00000) (1024K)]
  0x000001f542d50b70 JavaThread "jar transforms Thread 2"           [_thread_blocked, id=3744, stack(0x0000008b69e00000,0x0000008b69f00000) (1024K)]
  0x000001f542d4d6f0 JavaThread "jar transforms Thread 3"           [_thread_blocked, id=10916, stack(0x0000008b69f00000,0x0000008b6a000000) (1024K)]
  0x000001f542d51200 JavaThread "jar transforms Thread 4"           [_thread_blocked, id=2080, stack(0x0000008b6a000000,0x0000008b6a100000) (1024K)]
  0x000001f542d504e0 JavaThread "Cache worker for file content cache (C:\Users\HP\.gradle\caches\9.5.0\fileContent)"        [_thread_blocked, id=21016, stack(0x0000008b6a200000,0x0000008b6a300000) (1024K)]
  0x000001f542d4dd80 JavaThread "Cache worker for checksums cache (C:\Users\HP\AndroidStudioProjects\MOBILITI\.gradle\9.5.0\checksums)"        [_thread_blocked, id=18240, stack(0x0000008b6a300000,0x0000008b6a400000) (1024K)]
  0x000001f542d51f20 JavaThread "Cache worker for cache directory md-supplier (C:\Users\HP\.gradle\caches\9.5.0\md-supplier)"        [_thread_blocked, id=17980, stack(0x0000008b6a100000,0x0000008b6a200000) (1024K)]
  0x000001f542d54680 JavaThread "Cache worker for cache directory md-rule (C:\Users\HP\.gradle\caches\9.5.0\md-rule)"        [_thread_blocked, id=21268, stack(0x0000008b6a600000,0x0000008b6a700000) (1024K)]
  0x000001f542d53ff0 JavaThread "Build operations"                  [_thread_blocked, id=9844, stack(0x0000008b6a400000,0x0000008b6a500000) (1024K)]
  0x000001f542d532d0 JavaThread "Build operations Thread 2"         [_thread_blocked, id=19472, stack(0x0000008b6a500000,0x0000008b6a600000) (1024K)]
  0x000001f542d4eaa0 JavaThread "Build operations Thread 3"         [_thread_blocked, id=18736, stack(0x0000008b6a700000,0x0000008b6a800000) (1024K)]
  0x000001f542d53960 JavaThread "Build operations Thread 4"         [_thread_blocked, id=19048, stack(0x0000008b6a800000,0x0000008b6a900000) (1024K)]
  0x000001f54483d110 JavaThread "DefaultDispatcher-worker-1" daemon [_thread_blocked, id=5688, stack(0x0000008b6a900000,0x0000008b6aa00000) (1024K)]
  0x000001f54483eb50 JavaThread "DefaultDispatcher-worker-2" daemon [_thread_blocked, id=14236, stack(0x0000008b6aa00000,0x0000008b6ab00000) (1024K)]
  0x000001f54483bd60 JavaThread "DefaultDispatcher-worker-3" daemon [_thread_blocked, id=15940, stack(0x0000008b6ab00000,0x0000008b6ac00000) (1024K)]
Total: 43

Other Threads:
  0x000001f53b17c370 VMThread "VM Thread"                           [id=11132, stack(0x0000008b68100000,0x0000008b68200000) (1024K)]
  0x000001f538c8a1c0 WatcherThread "VM Periodic Task Thread"        [id=16616, stack(0x0000008b68000000,0x0000008b68100000) (1024K)]
  0x000001f52424d9b0 WorkerThread "GC Thread#0"                     [id=9768, stack(0x0000008b67b00000,0x0000008b67c00000) (1024K)]
  0x000001f53b5f0e90 WorkerThread "GC Thread#1"                     [id=21452, stack(0x0000008b68c00000,0x0000008b68d00000) (1024K)]
  0x000001f53b3e21f0 WorkerThread "GC Thread#2"                     [id=19168, stack(0x0000008b68d00000,0x0000008b68e00000) (1024K)]
  0x000001f540301440 WorkerThread "GC Thread#3"                     [id=21320, stack(0x0000008b67600000,0x0000008b67700000) (1024K)]
  0x000001f52425e9a0 ConcurrentGCThread "G1 Main Marker"            [id=20688, stack(0x0000008b67c00000,0x0000008b67d00000) (1024K)]
  0x000001f538b005d0 WorkerThread "G1 Conc#0"                       [id=18952, stack(0x0000008b67d00000,0x0000008b67e00000) (1024K)]
  0x000001f538b5b2f0 ConcurrentGCThread "G1 Refine#0"               [id=12324, stack(0x0000008b67e00000,0x0000008b67f00000) (1024K)]
  0x000001f538b5c880 ConcurrentGCThread "G1 Service"                [id=11288, stack(0x0000008b67f00000,0x0000008b68000000) (1024K)]
Total: 10

Threads with active compile tasks:
C2 CompilerThread0  1817312 13737   !   4       org.jetbrains.kotlin.metadata.ProtoBuf$Constructor::<init> (705 bytes)
Total: 1

VM state: not at safepoint (normal execution)

VM Mutex/Monitor currently owned by a thread: None

Heap address: 0x0000000080000000, size: 2048 MB, Compressed Oops mode: 32-bit

CDS archive(s) not mapped
Compressed class space mapped at: 0x0000000100000000-0x0000000140000000, reserved size: 1073741824
Narrow klass base: 0x0000000000000000, Narrow klass shift: 3, Narrow klass range: 0x140000000

GC Precious Log:
 CardTable entry size: 512
 Card Set container configuration: InlinePtr #cards 5 size 8 Array Of Cards #cards 12 size 40 Howl #buckets 4 coarsen threshold 1843 Howl Bitmap #cards 512 size 80 coarsen threshold 460 Card regions per heap region 1 cards per card region 2048
 CPUs: 4 total, 4 available
 Memory: 3909M
 Large Page Support: Disabled
 NUMA Support: Disabled
 Compressed Oops: Enabled (32-bit)
 Heap Region Size: 1M
 Heap Min Capacity: 8M
 Heap Initial Capacity: 62M
 Heap Max Capacity: 2G
 Pre-touch: Disabled
 Parallel Workers: 4
 Concurrent Workers: 1
 Concurrent Refinement Workers: 4
 Periodic GC: Disabled

Heap:
 garbage-first heap   total 581632K, used 199146K [0x0000000080000000, 0x0000000100000000)
  region size 1024K, 19 young (19456K), 2 survivors (2048K)
 Metaspace       used 98546K, committed 100352K, reserved 1179648K
  class space    used 13458K, committed 14336K, reserved 1048576K

Heap Regions: E=young(eden), S=young(survivor), O=old, HS=humongous(starts), HC=humongous(continues), CS=collection set, F=free, TAMS=top-at-mark-start, PB=parsable bottom
|   0|0x0000000080000000, 0x0000000080100000, 0x0000000080100000|100%|HS|  |TAMS 0x0000000080000000| PB 0x0000000080000000| Complete 
|   1|0x0000000080100000, 0x0000000080200000, 0x0000000080200000|100%|HC|  |TAMS 0x0000000080100000| PB 0x0000000080100000| Complete 
|   2|0x0000000080200000, 0x0000000080300000, 0x0000000080300000|100%|HC|  |TAMS 0x0000000080200000| PB 0x0000000080200000| Complete 
|   3|0x0000000080300000, 0x0000000080400000, 0x0000000080400000|100%|HC|  |TAMS 0x0000000080300000| PB 0x0000000080300000| Complete 
|   4|0x0000000080400000, 0x0000000080500000, 0x0000000080500000|100%| O|  |TAMS 0x0000000080400000| PB 0x0000000080400000| Untracked 
|   5|0x0000000080500000, 0x0000000080600000, 0x0000000080600000|100%| O|  |TAMS 0x0000000080500000| PB 0x0000000080500000| Untracked 
|   6|0x0000000080600000, 0x0000000080700000, 0x0000000080700000|100%| O|  |TAMS 0x0000000080600000| PB 0x0000000080600000| Untracked 
|   7|0x0000000080700000, 0x0000000080800000, 0x0000000080800000|100%| O|  |TAMS 0x0000000080700000| PB 0x0000000080700000| Untracked 
|   8|0x0000000080800000, 0x0000000080900000, 0x0000000080900000|100%| O|  |TAMS 0x0000000080800000| PB 0x0000000080800000| Untracked 
|   9|0x0000000080900000, 0x0000000080a00000, 0x0000000080a00000|100%|HS|  |TAMS 0x0000000080900000| PB 0x0000000080900000| Complete 
|  10|0x0000000080a00000, 0x0000000080b00000, 0x0000000080b00000|100%| O|  |TAMS 0x0000000080a00000| PB 0x0000000080a00000| Untracked 
|  11|0x0000000080b00000, 0x0000000080c00000, 0x0000000080c00000|100%| O|  |TAMS 0x0000000080b00000| PB 0x0000000080b00000| Untracked 
|  12|0x0000000080c00000, 0x0000000080d00000, 0x0000000080d00000|100%| O|  |TAMS 0x0000000080c00000| PB 0x0000000080c00000| Untracked 
|  13|0x0000000080d00000, 0x0000000080e00000, 0x0000000080e00000|100%| O|  |TAMS 0x0000000080d00000| PB 0x0000000080d00000| Untracked 
|  14|0x0000000080e00000, 0x0000000080f00000, 0x0000000080f00000|100%| O|  |TAMS 0x0000000080e00000| PB 0x0000000080e00000| Untracked 
|  15|0x0000000080f00000, 0x0000000081000000, 0x0000000081000000|100%| O|  |TAMS 0x0000000080f00000| PB 0x0000000080f00000| Untracked 
|  16|0x0000000081000000, 0x0000000081100000, 0x0000000081100000|100%| O|  |TAMS 0x0000000081000000| PB 0x0000000081000000| Untracked 
|  17|0x0000000081100000, 0x0000000081200000, 0x0000000081200000|100%| O|  |TAMS 0x0000000081100000| PB 0x0000000081100000| Untracked 
|  18|0x0000000081200000, 0x0000000081300000, 0x0000000081300000|100%| O|  |TAMS 0x0000000081200000| PB 0x0000000081200000| Untracked 
|  19|0x0000000081300000, 0x0000000081400000, 0x0000000081400000|100%| O|  |TAMS 0x0000000081300000| PB 0x0000000081300000| Untracked 
|  20|0x0000000081400000, 0x0000000081500000, 0x0000000081500000|100%| O|  |TAMS 0x0000000081400000| PB 0x0000000081400000| Untracked 
|  21|0x0000000081500000, 0x0000000081600000, 0x0000000081600000|100%| O|  |TAMS 0x0000000081500000| PB 0x0000000081500000| Untracked 
|  22|0x0000000081600000, 0x0000000081700000, 0x0000000081700000|100%| O|  |TAMS 0x0000000081600000| PB 0x0000000081600000| Untracked 
|  23|0x0000000081700000, 0x0000000081800000, 0x0000000081800000|100%| O|  |TAMS 0x0000000081700000| PB 0x0000000081700000| Untracked 
|  24|0x0000000081800000, 0x0000000081900000, 0x0000000081900000|100%|HS|  |TAMS 0x0000000081800000| PB 0x0000000081800000| Complete 
|  25|0x0000000081900000, 0x0000000081a00000, 0x0000000081a00000|100%|HC|  |TAMS 0x0000000081900000| PB 0x0000000081900000| Complete 
|  26|0x0000000081a00000, 0x0000000081b00000, 0x0000000081b00000|100%|HC|  |TAMS 0x0000000081a00000| PB 0x0000000081a00000| Complete 
|  27|0x0000000081b00000, 0x0000000081c00000, 0x0000000081c00000|100%|HC|  |TAMS 0x0000000081b00000| PB 0x0000000081b00000| Complete 
|  28|0x0000000081c00000, 0x0000000081d00000, 0x0000000081d00000|100%|HC|  |TAMS 0x0000000081c00000| PB 0x0000000081c00000| Complete 
|  29|0x0000000081d00000, 0x0000000081e00000, 0x0000000081e00000|100%|HC|  |TAMS 0x0000000081d00000| PB 0x0000000081d00000| Complete 
|  30|0x0000000081e00000, 0x0000000081f00000, 0x0000000081f00000|100%|HS|  |TAMS 0x0000000081e00000| PB 0x0000000081e00000| Complete 
|  31|0x0000000081f00000, 0x0000000082000000, 0x0000000082000000|100%| O|  |TAMS 0x0000000081f00000| PB 0x0000000081f00000| Untracked 
|  32|0x0000000082000000, 0x0000000082100000, 0x0000000082100000|100%| O|  |TAMS 0x0000000082000000| PB 0x0000000082000000| Untracked 
|  33|0x0000000082100000, 0x0000000082200000, 0x0000000082200000|100%|HS|  |TAMS 0x0000000082100000| PB 0x0000000082100000| Complete 
|  34|0x0000000082200000, 0x0000000082300000, 0x0000000082300000|100%|HS|  |TAMS 0x0000000082200000| PB 0x0000000082200000| Complete 
|  35|0x0000000082300000, 0x0000000082400000, 0x0000000082400000|100%|HC|  |TAMS 0x0000000082300000| PB 0x0000000082300000| Complete 
|  36|0x0000000082400000, 0x0000000082500000, 0x0000000082500000|100%|HC|  |TAMS 0x0000000082400000| PB 0x0000000082400000| Complete 
|  37|0x0000000082500000, 0x0000000082600000, 0x0000000082600000|100%|HC|  |TAMS 0x0000000082500000| PB 0x0000000082500000| Complete 
|  38|0x0000000082600000, 0x0000000082700000, 0x0000000082700000|100%|HC|  |TAMS 0x0000000082600000| PB 0x0000000082600000| Complete 
|  39|0x0000000082700000, 0x0000000082800000, 0x0000000082800000|100%|HC|  |TAMS 0x0000000082700000| PB 0x0000000082700000| Complete 
|  40|0x0000000082800000, 0x0000000082900000, 0x0000000082900000|100%|HS|  |TAMS 0x0000000082800000| PB 0x0000000082800000| Complete 
|  41|0x0000000082900000, 0x0000000082a00000, 0x0000000082a00000|100%|HS|  |TAMS 0x0000000082900000| PB 0x0000000082900000| Complete 
|  42|0x0000000082a00000, 0x0000000082b00000, 0x0000000082b00000|100%| O|  |TAMS 0x0000000082a00000| PB 0x0000000082a00000| Untracked 
|  43|0x0000000082b00000, 0x0000000082c00000, 0x0000000082c00000|100%| O|  |TAMS 0x0000000082b00000| PB 0x0000000082b00000| Untracked 
|  44|0x0000000082c00000, 0x0000000082d00000, 0x0000000082d00000|100%| O|  |TAMS 0x0000000082c00000| PB 0x0000000082c00000| Untracked 
|  45|0x0000000082d00000, 0x0000000082e00000, 0x0000000082e00000|100%| O|  |TAMS 0x0000000082d00000| PB 0x0000000082d00000| Untracked 
|  46|0x0000000082e00000, 0x0000000082f00000, 0x0000000082f00000|100%| O|  |TAMS 0x0000000082e00000| PB 0x0000000082e00000| Untracked 
|  47|0x0000000082f00000, 0x0000000083000000, 0x0000000083000000|100%| O|  |TAMS 0x0000000082f00000| PB 0x0000000082f00000| Untracked 
|  48|0x0000000083000000, 0x0000000083100000, 0x0000000083100000|100%| O|  |TAMS 0x0000000083000000| PB 0x0000000083000000| Untracked 
|  49|0x0000000083100000, 0x0000000083200000, 0x0000000083200000|100%| O|  |TAMS 0x0000000083100000| PB 0x0000000083100000| Untracked 
|  50|0x0000000083200000, 0x0000000083300000, 0x0000000083300000|100%| O|  |TAMS 0x0000000083200000| PB 0x0000000083200000| Untracked 
|  51|0x0000000083300000, 0x0000000083400000, 0x0000000083400000|100%| O|  |TAMS 0x0000000083300000| PB 0x0000000083300000| Untracked 
|  52|0x0000000083400000, 0x0000000083500000, 0x0000000083500000|100%| O|  |TAMS 0x0000000083400000| PB 0x0000000083400000| Untracked 
|  53|0x0000000083500000, 0x0000000083600000, 0x0000000083600000|100%| O|  |TAMS 0x0000000083500000| PB 0x0000000083500000| Untracked 
|  54|0x0000000083600000, 0x0000000083700000, 0x0000000083700000|100%| O|  |TAMS 0x0000000083600000| PB 0x0000000083600000| Untracked 
|  55|0x0000000083700000, 0x0000000083800000, 0x0000000083800000|100%| O|  |TAMS 0x0000000083700000| PB 0x0000000083700000| Untracked 
|  56|0x0000000083800000, 0x0000000083900000, 0x0000000083900000|100%| O|  |TAMS 0x0000000083800000| PB 0x0000000083800000| Untracked 
|  57|0x0000000083900000, 0x0000000083a00000, 0x0000000083a00000|100%| O|  |TAMS 0x0000000083900000| PB 0x0000000083900000| Untracked 
|  58|0x0000000083a00000, 0x0000000083b00000, 0x0000000083b00000|100%| O|  |TAMS 0x0000000083a00000| PB 0x0000000083a00000| Untracked 
|  59|0x0000000083b00000, 0x0000000083c00000, 0x0000000083c00000|100%| O|  |TAMS 0x0000000083b00000| PB 0x0000000083b00000| Untracked 
|  60|0x0000000083c00000, 0x0000000083d00000, 0x0000000083d00000|100%| O|  |TAMS 0x0000000083c00000| PB 0x0000000083c00000| Untracked 
|  61|0x0000000083d00000, 0x0000000083e00000, 0x0000000083e00000|100%| O|  |TAMS 0x0000000083d00000| PB 0x0000000083d00000| Untracked 
|  62|0x0000000083e00000, 0x0000000083f00000, 0x0000000083f00000|100%| O|  |TAMS 0x0000000083e00000| PB 0x0000000083e00000| Untracked 
|  63|0x0000000083f00000, 0x0000000084000000, 0x0000000084000000|100%| O|  |TAMS 0x0000000083f00000| PB 0x0000000083f00000| Untracked 
|  64|0x0000000084000000, 0x0000000084100000, 0x0000000084100000|100%| O|  |TAMS 0x0000000084000000| PB 0x0000000084000000| Untracked 
|  65|0x0000000084100000, 0x0000000084200000, 0x0000000084200000|100%| O|  |TAMS 0x0000000084100000| PB 0x0000000084100000| Untracked 
|  66|0x0000000084200000, 0x0000000084300000, 0x0000000084300000|100%| O|  |TAMS 0x0000000084200000| PB 0x0000000084200000| Untracked 
|  67|0x0000000084300000, 0x0000000084400000, 0x0000000084400000|100%| O|  |TAMS 0x0000000084300000| PB 0x0000000084300000| Untracked 
|  68|0x0000000084400000, 0x0000000084500000, 0x0000000084500000|100%| O|  |TAMS 0x0000000084400000| PB 0x0000000084400000| Untracked 
|  69|0x0000000084500000, 0x0000000084600000, 0x0000000084600000|100%| O|  |TAMS 0x0000000084500000| PB 0x0000000084500000| Untracked 
|  70|0x0000000084600000, 0x0000000084700000, 0x0000000084700000|100%| O|  |TAMS 0x0000000084600000| PB 0x0000000084600000| Untracked 
|  71|0x0000000084700000, 0x0000000084800000, 0x0000000084800000|100%| O|  |TAMS 0x0000000084700000| PB 0x0000000084700000| Untracked 
|  72|0x0000000084800000, 0x0000000084900000, 0x0000000084900000|100%| O|  |TAMS 0x0000000084800000| PB 0x0000000084800000| Untracked 
|  73|0x0000000084900000, 0x0000000084a00000, 0x0000000084a00000|100%| O|  |TAMS 0x0000000084900000| PB 0x0000000084900000| Untracked 
|  74|0x0000000084a00000, 0x0000000084b00000, 0x0000000084b00000|100%| O|  |TAMS 0x0000000084a00000| PB 0x0000000084a00000| Untracked 
|  75|0x0000000084b00000, 0x0000000084c00000, 0x0000000084c00000|100%| O|  |TAMS 0x0000000084b00000| PB 0x0000000084b00000| Untracked 
|  76|0x0000000084c00000, 0x0000000084d00000, 0x0000000084d00000|100%| O|  |TAMS 0x0000000084c00000| PB 0x0000000084c00000| Untracked 
|  77|0x0000000084d00000, 0x0000000084e00000, 0x0000000084e00000|100%| O|  |TAMS 0x0000000084d00000| PB 0x0000000084d00000| Untracked 
|  78|0x0000000084e00000, 0x0000000084f00000, 0x0000000084f00000|100%| O|  |TAMS 0x0000000084e00000| PB 0x0000000084e00000| Untracked 
|  79|0x0000000084f00000, 0x0000000085000000, 0x0000000085000000|100%| O|  |TAMS 0x0000000084f00000| PB 0x0000000084f00000| Untracked 
|  80|0x0000000085000000, 0x0000000085100000, 0x0000000085100000|100%| O|  |TAMS 0x0000000085000000| PB 0x0000000085000000| Untracked 
|  81|0x0000000085100000, 0x0000000085200000, 0x0000000085200000|100%| O|  |TAMS 0x0000000085100000| PB 0x0000000085100000| Untracked 
|  82|0x0000000085200000, 0x0000000085300000, 0x0000000085300000|100%| O|  |TAMS 0x0000000085200000| PB 0x0000000085200000| Untracked 
|  83|0x0000000085300000, 0x0000000085400000, 0x0000000085400000|100%| O|  |TAMS 0x0000000085300000| PB 0x0000000085300000| Untracked 
|  84|0x0000000085400000, 0x0000000085500000, 0x0000000085500000|100%| O|  |TAMS 0x0000000085400000| PB 0x0000000085400000| Untracked 
|  85|0x0000000085500000, 0x0000000085600000, 0x0000000085600000|100%| O|  |TAMS 0x0000000085500000| PB 0x0000000085500000| Untracked 
|  86|0x0000000085600000, 0x0000000085700000, 0x0000000085700000|100%| O|  |TAMS 0x0000000085600000| PB 0x0000000085600000| Untracked 
|  87|0x0000000085700000, 0x0000000085800000, 0x0000000085800000|100%| O|  |TAMS 0x0000000085700000| PB 0x0000000085700000| Untracked 
|  88|0x0000000085800000, 0x0000000085900000, 0x0000000085900000|100%| O|  |TAMS 0x0000000085800000| PB 0x0000000085800000| Untracked 
|  89|0x0000000085900000, 0x0000000085a00000, 0x0000000085a00000|100%| O|  |TAMS 0x0000000085900000| PB 0x0000000085900000| Untracked 
|  90|0x0000000085a00000, 0x0000000085b00000, 0x0000000085b00000|100%| O|  |TAMS 0x0000000085a00000| PB 0x0000000085a00000| Untracked 
|  91|0x0000000085b00000, 0x0000000085c00000, 0x0000000085c00000|100%| O|  |TAMS 0x0000000085b00000| PB 0x0000000085b00000| Untracked 
|  92|0x0000000085c00000, 0x0000000085d00000, 0x0000000085d00000|100%| O|  |TAMS 0x0000000085c00000| PB 0x0000000085c00000| Untracked 
|  93|0x0000000085d00000, 0x0000000085e00000, 0x0000000085e00000|100%| O|  |TAMS 0x0000000085d00000| PB 0x0000000085d00000| Untracked 
|  94|0x0000000085e00000, 0x0000000085f00000, 0x0000000085f00000|100%| O|  |TAMS 0x0000000085e00000| PB 0x0000000085e00000| Untracked 
|  95|0x0000000085f00000, 0x0000000086000000, 0x0000000086000000|100%| O|  |TAMS 0x0000000085f00000| PB 0x0000000085f00000| Untracked 
|  96|0x0000000086000000, 0x0000000086100000, 0x0000000086100000|100%| O|  |TAMS 0x0000000086000000| PB 0x0000000086000000| Untracked 
|  97|0x0000000086100000, 0x0000000086200000, 0x0000000086200000|100%| O|  |TAMS 0x0000000086100000| PB 0x0000000086100000| Untracked 
|  98|0x0000000086200000, 0x0000000086300000, 0x0000000086300000|100%| O|  |TAMS 0x0000000086200000| PB 0x0000000086200000| Untracked 
|  99|0x0000000086300000, 0x0000000086400000, 0x0000000086400000|100%| O|  |TAMS 0x0000000086300000| PB 0x0000000086300000| Untracked 
| 100|0x0000000086400000, 0x0000000086500000, 0x0000000086500000|100%| O|  |TAMS 0x0000000086400000| PB 0x0000000086400000| Untracked 
| 101|0x0000000086500000, 0x0000000086600000, 0x0000000086600000|100%| O|  |TAMS 0x0000000086500000| PB 0x0000000086500000| Untracked 
| 102|0x0000000086600000, 0x0000000086700000, 0x0000000086700000|100%| O|  |TAMS 0x0000000086600000| PB 0x0000000086600000| Untracked 
| 103|0x0000000086700000, 0x0000000086800000, 0x0000000086800000|100%| O|  |TAMS 0x0000000086700000| PB 0x0000000086700000| Untracked 
| 104|0x0000000086800000, 0x0000000086900000, 0x0000000086900000|100%| O|  |TAMS 0x0000000086800000| PB 0x0000000086800000| Untracked 
| 105|0x0000000086900000, 0x0000000086a00000, 0x0000000086a00000|100%| O|  |TAMS 0x0000000086900000| PB 0x0000000086900000| Untracked 
| 106|0x0000000086a00000, 0x0000000086b00000, 0x0000000086b00000|100%| O|  |TAMS 0x0000000086a00000| PB 0x0000000086a00000| Untracked 
| 107|0x0000000086b00000, 0x0000000086c00000, 0x0000000086c00000|100%| O|  |TAMS 0x0000000086b00000| PB 0x0000000086b00000| Untracked 
| 108|0x0000000086c00000, 0x0000000086d00000, 0x0000000086d00000|100%| O|  |TAMS 0x0000000086c00000| PB 0x0000000086c00000| Untracked 
| 109|0x0000000086d00000, 0x0000000086e00000, 0x0000000086e00000|100%| O|  |TAMS 0x0000000086d00000| PB 0x0000000086d00000| Untracked 
| 110|0x0000000086e00000, 0x0000000086f00000, 0x0000000086f00000|100%| O|  |TAMS 0x0000000086e00000| PB 0x0000000086e00000| Untracked 
| 111|0x0000000086f00000, 0x0000000087000000, 0x0000000087000000|100%| O|  |TAMS 0x0000000086f00000| PB 0x0000000086f00000| Untracked 
| 112|0x0000000087000000, 0x0000000087100000, 0x0000000087100000|100%| O|  |TAMS 0x0000000087000000| PB 0x0000000087000000| Untracked 
| 113|0x0000000087100000, 0x0000000087200000, 0x0000000087200000|100%| O|  |TAMS 0x0000000087100000| PB 0x0000000087100000| Untracked 
| 114|0x0000000087200000, 0x0000000087300000, 0x0000000087300000|100%| O|  |TAMS 0x0000000087200000| PB 0x0000000087200000| Untracked 
| 115|0x0000000087300000, 0x0000000087400000, 0x0000000087400000|100%| O|  |TAMS 0x0000000087300000| PB 0x0000000087300000| Untracked 
| 116|0x0000000087400000, 0x0000000087500000, 0x0000000087500000|100%| O|  |TAMS 0x0000000087400000| PB 0x0000000087400000| Untracked 
| 117|0x0000000087500000, 0x0000000087600000, 0x0000000087600000|100%| O|  |TAMS 0x0000000087500000| PB 0x0000000087500000| Untracked 
| 118|0x0000000087600000, 0x0000000087700000, 0x0000000087700000|100%| O|  |TAMS 0x0000000087600000| PB 0x0000000087600000| Untracked 
| 119|0x0000000087700000, 0x0000000087800000, 0x0000000087800000|100%| O|  |TAMS 0x0000000087700000| PB 0x0000000087700000| Untracked 
| 120|0x0000000087800000, 0x0000000087900000, 0x0000000087900000|100%| O|  |TAMS 0x0000000087800000| PB 0x0000000087800000| Untracked 
| 121|0x0000000087900000, 0x0000000087a00000, 0x0000000087a00000|100%| O|  |TAMS 0x0000000087900000| PB 0x0000000087900000| Untracked 
| 122|0x0000000087a00000, 0x0000000087b00000, 0x0000000087b00000|100%| O|  |TAMS 0x0000000087a00000| PB 0x0000000087a00000| Untracked 
| 123|0x0000000087b00000, 0x0000000087c00000, 0x0000000087c00000|100%| O|  |TAMS 0x0000000087b00000| PB 0x0000000087b00000| Untracked 
| 124|0x0000000087c00000, 0x0000000087d00000, 0x0000000087d00000|100%| O|  |TAMS 0x0000000087c00000| PB 0x0000000087c00000| Untracked 
| 125|0x0000000087d00000, 0x0000000087e00000, 0x0000000087e00000|100%| O|  |TAMS 0x0000000087d00000| PB 0x0000000087d00000| Untracked 
| 126|0x0000000087e00000, 0x0000000087f00000, 0x0000000087f00000|100%| O|  |TAMS 0x0000000087e00000| PB 0x0000000087e00000| Untracked 
| 127|0x0000000087f00000, 0x0000000088000000, 0x0000000088000000|100%| O|  |TAMS 0x0000000087f00000| PB 0x0000000087f00000| Untracked 
| 128|0x0000000088000000, 0x0000000088100000, 0x0000000088100000|100%| O|  |TAMS 0x0000000088000000| PB 0x0000000088000000| Untracked 
| 129|0x0000000088100000, 0x0000000088200000, 0x0000000088200000|100%| O|  |TAMS 0x0000000088100000| PB 0x0000000088100000| Untracked 
| 130|0x0000000088200000, 0x0000000088300000, 0x0000000088300000|100%| O|  |TAMS 0x0000000088200000| PB 0x0000000088200000| Untracked 
| 131|0x0000000088300000, 0x0000000088400000, 0x0000000088400000|100%| O|  |TAMS 0x0000000088300000| PB 0x0000000088300000| Untracked 
| 132|0x0000000088400000, 0x0000000088500000, 0x0000000088500000|100%| O|  |TAMS 0x0000000088400000| PB 0x0000000088400000| Untracked 
| 133|0x0000000088500000, 0x0000000088600000, 0x0000000088600000|100%| O|  |TAMS 0x0000000088500000| PB 0x0000000088500000| Untracked 
| 134|0x0000000088600000, 0x0000000088700000, 0x0000000088700000|100%| O|  |TAMS 0x0000000088600000| PB 0x0000000088600000| Untracked 
| 135|0x0000000088700000, 0x0000000088800000, 0x0000000088800000|100%| O|  |TAMS 0x0000000088700000| PB 0x0000000088700000| Untracked 
| 136|0x0000000088800000, 0x0000000088900000, 0x0000000088900000|100%| O|  |TAMS 0x0000000088800000| PB 0x0000000088800000| Untracked 
| 137|0x0000000088900000, 0x0000000088a00000, 0x0000000088a00000|100%| O|  |TAMS 0x0000000088900000| PB 0x0000000088900000| Untracked 
| 138|0x0000000088a00000, 0x0000000088b00000, 0x0000000088b00000|100%| O|  |TAMS 0x0000000088a00000| PB 0x0000000088a00000| Untracked 
| 139|0x0000000088b00000, 0x0000000088c00000, 0x0000000088c00000|100%| O|  |TAMS 0x0000000088b00000| PB 0x0000000088b00000| Untracked 
| 140|0x0000000088c00000, 0x0000000088d00000, 0x0000000088d00000|100%| O|  |TAMS 0x0000000088c00000| PB 0x0000000088c00000| Untracked 
| 141|0x0000000088d00000, 0x0000000088e00000, 0x0000000088e00000|100%| O|  |TAMS 0x0000000088d00000| PB 0x0000000088d00000| Untracked 
| 142|0x0000000088e00000, 0x0000000088f00000, 0x0000000088f00000|100%| O|  |TAMS 0x0000000088e00000| PB 0x0000000088e00000| Untracked 
| 143|0x0000000088f00000, 0x0000000089000000, 0x0000000089000000|100%| O|  |TAMS 0x0000000088f00000| PB 0x0000000088f00000| Untracked 
| 144|0x0000000089000000, 0x0000000089100000, 0x0000000089100000|100%| O|  |TAMS 0x0000000089000000| PB 0x0000000089000000| Untracked 
| 145|0x0000000089100000, 0x0000000089200000, 0x0000000089200000|100%| O|  |TAMS 0x0000000089100000| PB 0x0000000089100000| Untracked 
| 146|0x0000000089200000, 0x0000000089300000, 0x0000000089300000|100%| O|  |TAMS 0x0000000089200000| PB 0x0000000089200000| Untracked 
| 147|0x0000000089300000, 0x0000000089400000, 0x0000000089400000|100%| O|  |TAMS 0x0000000089300000| PB 0x0000000089300000| Untracked 
| 148|0x0000000089400000, 0x0000000089500000, 0x0000000089500000|100%| O|  |TAMS 0x0000000089400000| PB 0x0000000089400000| Untracked 
| 149|0x0000000089500000, 0x0000000089600000, 0x0000000089600000|100%| O|  |TAMS 0x0000000089500000| PB 0x0000000089500000| Untracked 
| 150|0x0000000089600000, 0x0000000089700000, 0x0000000089700000|100%| O|  |TAMS 0x0000000089600000| PB 0x0000000089600000| Untracked 
| 151|0x0000000089700000, 0x0000000089800000, 0x0000000089800000|100%| O|  |TAMS 0x0000000089700000| PB 0x0000000089700000| Untracked 
| 152|0x0000000089800000, 0x0000000089900000, 0x0000000089900000|100%| O|  |TAMS 0x0000000089800000| PB 0x0000000089800000| Untracked 
| 153|0x0000000089900000, 0x0000000089a00000, 0x0000000089a00000|100%| O|  |TAMS 0x0000000089900000| PB 0x0000000089900000| Untracked 
| 154|0x0000000089a00000, 0x0000000089b00000, 0x0000000089b00000|100%| O|  |TAMS 0x0000000089a00000| PB 0x0000000089a00000| Untracked 
| 155|0x0000000089b00000, 0x0000000089c00000, 0x0000000089c00000|100%| O|  |TAMS 0x0000000089b00000| PB 0x0000000089b00000| Untracked 
| 156|0x0000000089c00000, 0x0000000089d00000, 0x0000000089d00000|100%| O|  |TAMS 0x0000000089c00000| PB 0x0000000089c00000| Untracked 
| 157|0x0000000089d00000, 0x0000000089e00000, 0x0000000089e00000|100%| O|  |TAMS 0x0000000089d00000| PB 0x0000000089d00000| Untracked 
| 158|0x0000000089e00000, 0x0000000089f00000, 0x0000000089f00000|100%| O|  |TAMS 0x0000000089e00000| PB 0x0000000089e00000| Untracked 
| 159|0x0000000089f00000, 0x000000008a000000, 0x000000008a000000|100%| O|  |TAMS 0x0000000089f00000| PB 0x0000000089f00000| Untracked 
| 160|0x000000008a000000, 0x000000008a100000, 0x000000008a100000|100%| O|  |TAMS 0x000000008a000000| PB 0x000000008a000000| Untracked 
| 161|0x000000008a100000, 0x000000008a200000, 0x000000008a200000|100%| O|  |TAMS 0x000000008a100000| PB 0x000000008a100000| Untracked 
| 162|0x000000008a200000, 0x000000008a300000, 0x000000008a300000|100%| O|  |TAMS 0x000000008a200000| PB 0x000000008a200000| Untracked 
| 163|0x000000008a300000, 0x000000008a400000, 0x000000008a400000|100%| O|  |TAMS 0x000000008a300000| PB 0x000000008a300000| Untracked 
| 164|0x000000008a400000, 0x000000008a500000, 0x000000008a500000|100%| O|  |TAMS 0x000000008a400000| PB 0x000000008a400000| Untracked 
| 165|0x000000008a500000, 0x000000008a600000, 0x000000008a600000|100%| O|  |TAMS 0x000000008a500000| PB 0x000000008a500000| Untracked 
| 166|0x000000008a600000, 0x000000008a700000, 0x000000008a700000|100%| O|  |TAMS 0x000000008a600000| PB 0x000000008a600000| Untracked 
| 167|0x000000008a700000, 0x000000008a800000, 0x000000008a800000|100%| O|  |TAMS 0x000000008a700000| PB 0x000000008a700000| Untracked 
| 168|0x000000008a800000, 0x000000008a900000, 0x000000008a900000|100%| O|  |TAMS 0x000000008a800000| PB 0x000000008a800000| Untracked 
| 169|0x000000008a900000, 0x000000008aa00000, 0x000000008aa00000|100%| O|  |TAMS 0x000000008a900000| PB 0x000000008a900000| Untracked 
| 170|0x000000008aa00000, 0x000000008aa00000, 0x000000008ab00000|  0%| F|  |TAMS 0x000000008aa00000| PB 0x000000008aa00000| Untracked 
| 171|0x000000008ab00000, 0x000000008ab00000, 0x000000008ac00000|  0%| F|  |TAMS 0x000000008ab00000| PB 0x000000008ab00000| Untracked 
| 172|0x000000008ac00000, 0x000000008ac00000, 0x000000008ad00000|  0%| F|  |TAMS 0x000000008ac00000| PB 0x000000008ac00000| Untracked 
| 173|0x000000008ad00000, 0x000000008ad00000, 0x000000008ae00000|  0%| F|  |TAMS 0x000000008ad00000| PB 0x000000008ad00000| Untracked 
| 174|0x000000008ae00000, 0x000000008ae00000, 0x000000008af00000|  0%| F|  |TAMS 0x000000008ae00000| PB 0x000000008ae00000| Untracked 
| 175|0x000000008af00000, 0x000000008af00000, 0x000000008b000000|  0%| F|  |TAMS 0x000000008af00000| PB 0x000000008af00000| Untracked 
| 176|0x000000008b000000, 0x000000008b000000, 0x000000008b100000|  0%| F|  |TAMS 0x000000008b000000| PB 0x000000008b000000| Untracked 
| 177|0x000000008b100000, 0x000000008b100000, 0x000000008b200000|  0%| F|  |TAMS 0x000000008b100000| PB 0x000000008b100000| Untracked 
| 178|0x000000008b200000, 0x000000008b200000, 0x000000008b300000|  0%| F|  |TAMS 0x000000008b200000| PB 0x000000008b200000| Untracked 
| 179|0x000000008b300000, 0x000000008b300000, 0x000000008b400000|  0%| F|  |TAMS 0x000000008b300000| PB 0x000000008b300000| Untracked 
| 180|0x000000008b400000, 0x000000008b400000, 0x000000008b500000|  0%| F|  |TAMS 0x000000008b400000| PB 0x000000008b400000| Untracked 
| 181|0x000000008b500000, 0x000000008b500000, 0x000000008b600000|  0%| F|  |TAMS 0x000000008b500000| PB 0x000000008b500000| Untracked 
| 182|0x000000008b600000, 0x000000008b600000, 0x000000008b700000|  0%| F|  |TAMS 0x000000008b600000| PB 0x000000008b600000| Untracked 
| 183|0x000000008b700000, 0x000000008b700000, 0x000000008b800000|  0%| F|  |TAMS 0x000000008b700000| PB 0x000000008b700000| Untracked 
| 184|0x000000008b800000, 0x000000008b800000, 0x000000008b900000|  0%| F|  |TAMS 0x000000008b800000| PB 0x000000008b800000| Untracked 
| 185|0x000000008b900000, 0x000000008b900000, 0x000000008ba00000|  0%| F|  |TAMS 0x000000008b900000| PB 0x000000008b900000| Untracked 
| 186|0x000000008ba00000, 0x000000008ba00000, 0x000000008bb00000|  0%| F|  |TAMS 0x000000008ba00000| PB 0x000000008ba00000| Untracked 
| 187|0x000000008bb00000, 0x000000008bb00000, 0x000000008bc00000|  0%| F|  |TAMS 0x000000008bb00000| PB 0x000000008bb00000| Untracked 
| 188|0x000000008bc00000, 0x000000008bc00000, 0x000000008bd00000|  0%| F|  |TAMS 0x000000008bc00000| PB 0x000000008bc00000| Untracked 
| 189|0x000000008bd00000, 0x000000008bd00000, 0x000000008be00000|  0%| F|  |TAMS 0x000000008bd00000| PB 0x000000008bd00000| Untracked 
| 190|0x000000008be00000, 0x000000008be00000, 0x000000008bf00000|  0%| F|  |TAMS 0x000000008be00000| PB 0x000000008be00000| Untracked 
| 191|0x000000008bf00000, 0x000000008bf00000, 0x000000008c000000|  0%| F|  |TAMS 0x000000008bf00000| PB 0x000000008bf00000| Untracked 
| 192|0x000000008c000000, 0x000000008c000000, 0x000000008c100000|  0%| F|  |TAMS 0x000000008c000000| PB 0x000000008c000000| Untracked 
| 193|0x000000008c100000, 0x000000008c100000, 0x000000008c200000|  0%| F|  |TAMS 0x000000008c100000| PB 0x000000008c100000| Untracked 
| 194|0x000000008c200000, 0x000000008c200000, 0x000000008c300000|  0%| F|  |TAMS 0x000000008c200000| PB 0x000000008c200000| Untracked 
| 195|0x000000008c300000, 0x000000008c300000, 0x000000008c400000|  0%| F|  |TAMS 0x000000008c300000| PB 0x000000008c300000| Untracked 
| 196|0x000000008c400000, 0x000000008c400000, 0x000000008c500000|  0%| F|  |TAMS 0x000000008c400000| PB 0x000000008c400000| Untracked 
| 197|0x000000008c500000, 0x000000008c500000, 0x000000008c600000|  0%| F|  |TAMS 0x000000008c500000| PB 0x000000008c500000| Untracked 
| 198|0x000000008c600000, 0x000000008c600000, 0x000000008c700000|  0%| F|  |TAMS 0x000000008c600000| PB 0x000000008c600000| Untracked 
| 199|0x000000008c700000, 0x000000008c700000, 0x000000008c800000|  0%| F|  |TAMS 0x000000008c700000| PB 0x000000008c700000| Untracked 
| 200|0x000000008c800000, 0x000000008c800000, 0x000000008c900000|  0%| F|  |TAMS 0x000000008c800000| PB 0x000000008c800000| Untracked 
| 201|0x000000008c900000, 0x000000008c900000, 0x000000008ca00000|  0%| F|  |TAMS 0x000000008c900000| PB 0x000000008c900000| Untracked 
| 202|0x000000008ca00000, 0x000000008ca00000, 0x000000008cb00000|  0%| F|  |TAMS 0x000000008ca00000| PB 0x000000008ca00000| Untracked 
| 203|0x000000008cb00000, 0x000000008cb00000, 0x000000008cc00000|  0%| F|  |TAMS 0x000000008cb00000| PB 0x000000008cb00000| Untracked 
| 204|0x000000008cc00000, 0x000000008cc00000, 0x000000008cd00000|  0%| F|  |TAMS 0x000000008cc00000| PB 0x000000008cc00000| Untracked 
| 205|0x000000008cd00000, 0x000000008cd00000, 0x000000008ce00000|  0%| F|  |TAMS 0x000000008cd00000| PB 0x000000008cd00000| Untracked 
| 206|0x000000008ce00000, 0x000000008ce00000, 0x000000008cf00000|  0%| F|  |TAMS 0x000000008ce00000| PB 0x000000008ce00000| Untracked 
| 207|0x000000008cf00000, 0x000000008cf00000, 0x000000008d000000|  0%| F|  |TAMS 0x000000008cf00000| PB 0x000000008cf00000| Untracked 
| 208|0x000000008d000000, 0x000000008d000000, 0x000000008d100000|  0%| F|  |TAMS 0x000000008d000000| PB 0x000000008d000000| Untracked 
| 209|0x000000008d100000, 0x000000008d100000, 0x000000008d200000|  0%| F|  |TAMS 0x000000008d100000| PB 0x000000008d100000| Untracked 
| 210|0x000000008d200000, 0x000000008d200000, 0x000000008d300000|  0%| F|  |TAMS 0x000000008d200000| PB 0x000000008d200000| Untracked 
| 211|0x000000008d300000, 0x000000008d300000, 0x000000008d400000|  0%| F|  |TAMS 0x000000008d300000| PB 0x000000008d300000| Untracked 
| 212|0x000000008d400000, 0x000000008d400000, 0x000000008d500000|  0%| F|  |TAMS 0x000000008d400000| PB 0x000000008d400000| Untracked 
| 213|0x000000008d500000, 0x000000008d500000, 0x000000008d600000|  0%| F|  |TAMS 0x000000008d500000| PB 0x000000008d500000| Untracked 
| 214|0x000000008d600000, 0x000000008d600000, 0x000000008d700000|  0%| F|  |TAMS 0x000000008d600000| PB 0x000000008d600000| Untracked 
| 215|0x000000008d700000, 0x000000008d700000, 0x000000008d800000|  0%| F|  |TAMS 0x000000008d700000| PB 0x000000008d700000| Untracked 
| 216|0x000000008d800000, 0x000000008d800000, 0x000000008d900000|  0%| F|  |TAMS 0x000000008d800000| PB 0x000000008d800000| Untracked 
| 217|0x000000008d900000, 0x000000008d900000, 0x000000008da00000|  0%| F|  |TAMS 0x000000008d900000| PB 0x000000008d900000| Untracked 
| 218|0x000000008da00000, 0x000000008da00000, 0x000000008db00000|  0%| F|  |TAMS 0x000000008da00000| PB 0x000000008da00000| Untracked 
| 219|0x000000008db00000, 0x000000008db00000, 0x000000008dc00000|  0%| F|  |TAMS 0x000000008db00000| PB 0x000000008db00000| Untracked 
| 220|0x000000008dc00000, 0x000000008dc00000, 0x000000008dd00000|  0%| F|  |TAMS 0x000000008dc00000| PB 0x000000008dc00000| Untracked 
| 221|0x000000008dd00000, 0x000000008dd00000, 0x000000008de00000|  0%| F|  |TAMS 0x000000008dd00000| PB 0x000000008dd00000| Untracked 
| 222|0x000000008de00000, 0x000000008de00000, 0x000000008df00000|  0%| F|  |TAMS 0x000000008de00000| PB 0x000000008de00000| Untracked 
| 223|0x000000008df00000, 0x000000008df00000, 0x000000008e000000|  0%| F|  |TAMS 0x000000008df00000| PB 0x000000008df00000| Untracked 
| 224|0x000000008e000000, 0x000000008e000000, 0x000000008e100000|  0%| F|  |TAMS 0x000000008e000000| PB 0x000000008e000000| Untracked 
| 225|0x000000008e100000, 0x000000008e100000, 0x000000008e200000|  0%| F|  |TAMS 0x000000008e100000| PB 0x000000008e100000| Untracked 
| 226|0x000000008e200000, 0x000000008e200000, 0x000000008e300000|  0%| F|  |TAMS 0x000000008e200000| PB 0x000000008e200000| Untracked 
| 227|0x000000008e300000, 0x000000008e300000, 0x000000008e400000|  0%| F|  |TAMS 0x000000008e300000| PB 0x000000008e300000| Untracked 
| 228|0x000000008e400000, 0x000000008e400000, 0x000000008e500000|  0%| F|  |TAMS 0x000000008e400000| PB 0x000000008e400000| Untracked 
| 229|0x000000008e500000, 0x000000008e500000, 0x000000008e600000|  0%| F|  |TAMS 0x000000008e500000| PB 0x000000008e500000| Untracked 
| 230|0x000000008e600000, 0x000000008e600000, 0x000000008e700000|  0%| F|  |TAMS 0x000000008e600000| PB 0x000000008e600000| Untracked 
| 231|0x000000008e700000, 0x000000008e700000, 0x000000008e800000|  0%| F|  |TAMS 0x000000008e700000| PB 0x000000008e700000| Untracked 
| 232|0x000000008e800000, 0x000000008e800000, 0x000000008e900000|  0%| F|  |TAMS 0x000000008e800000| PB 0x000000008e800000| Untracked 
| 233|0x000000008e900000, 0x000000008e900000, 0x000000008ea00000|  0%| F|  |TAMS 0x000000008e900000| PB 0x000000008e900000| Untracked 
| 234|0x000000008ea00000, 0x000000008ea00000, 0x000000008eb00000|  0%| F|  |TAMS 0x000000008ea00000| PB 0x000000008ea00000| Untracked 
| 235|0x000000008eb00000, 0x000000008eb00000, 0x000000008ec00000|  0%| F|  |TAMS 0x000000008eb00000| PB 0x000000008eb00000| Untracked 
| 236|0x000000008ec00000, 0x000000008ec00000, 0x000000008ed00000|  0%| F|  |TAMS 0x000000008ec00000| PB 0x000000008ec00000| Untracked 
| 237|0x000000008ed00000, 0x000000008ed00000, 0x000000008ee00000|  0%| F|  |TAMS 0x000000008ed00000| PB 0x000000008ed00000| Untracked 
| 238|0x000000008ee00000, 0x000000008ee00000, 0x000000008ef00000|  0%| F|  |TAMS 0x000000008ee00000| PB 0x000000008ee00000| Untracked 
| 239|0x000000008ef00000, 0x000000008ef00000, 0x000000008f000000|  0%| F|  |TAMS 0x000000008ef00000| PB 0x000000008ef00000| Untracked 
| 240|0x000000008f000000, 0x000000008f000000, 0x000000008f100000|  0%| F|  |TAMS 0x000000008f000000| PB 0x000000008f000000| Untracked 
| 241|0x000000008f100000, 0x000000008f100000, 0x000000008f200000|  0%| F|  |TAMS 0x000000008f100000| PB 0x000000008f100000| Untracked 
| 242|0x000000008f200000, 0x000000008f200000, 0x000000008f300000|  0%| F|  |TAMS 0x000000008f200000| PB 0x000000008f200000| Untracked 
| 243|0x000000008f300000, 0x000000008f300000, 0x000000008f400000|  0%| F|  |TAMS 0x000000008f300000| PB 0x000000008f300000| Untracked 
| 244|0x000000008f400000, 0x000000008f400000, 0x000000008f500000|  0%| F|  |TAMS 0x000000008f400000| PB 0x000000008f400000| Untracked 
| 245|0x000000008f500000, 0x000000008f500000, 0x000000008f600000|  0%| F|  |TAMS 0x000000008f500000| PB 0x000000008f500000| Untracked 
| 246|0x000000008f600000, 0x000000008f600000, 0x000000008f700000|  0%| F|  |TAMS 0x000000008f600000| PB 0x000000008f600000| Untracked 
| 247|0x000000008f700000, 0x000000008f700000, 0x000000008f800000|  0%| F|  |TAMS 0x000000008f700000| PB 0x000000008f700000| Untracked 
| 248|0x000000008f800000, 0x000000008f800000, 0x000000008f900000|  0%| F|  |TAMS 0x000000008f800000| PB 0x000000008f800000| Untracked 
| 249|0x000000008f900000, 0x000000008f900000, 0x000000008fa00000|  0%| F|  |TAMS 0x000000008f900000| PB 0x000000008f900000| Untracked 
| 250|0x000000008fa00000, 0x000000008fa00000, 0x000000008fb00000|  0%| F|  |TAMS 0x000000008fa00000| PB 0x000000008fa00000| Untracked 
| 251|0x000000008fb00000, 0x000000008fb00000, 0x000000008fc00000|  0%| F|  |TAMS 0x000000008fb00000| PB 0x000000008fb00000| Untracked 
| 252|0x000000008fc00000, 0x000000008fc00000, 0x000000008fd00000|  0%| F|  |TAMS 0x000000008fc00000| PB 0x000000008fc00000| Untracked 
| 253|0x000000008fd00000, 0x000000008fd00000, 0x000000008fe00000|  0%| F|  |TAMS 0x000000008fd00000| PB 0x000000008fd00000| Untracked 
| 254|0x000000008fe00000, 0x000000008fe00000, 0x000000008ff00000|  0%| F|  |TAMS 0x000000008fe00000| PB 0x000000008fe00000| Untracked 
| 255|0x000000008ff00000, 0x000000008ff00000, 0x0000000090000000|  0%| F|  |TAMS 0x000000008ff00000| PB 0x000000008ff00000| Untracked 
| 256|0x0000000090000000, 0x0000000090000000, 0x0000000090100000|  0%| F|  |TAMS 0x0000000090000000| PB 0x0000000090000000| Untracked 
| 257|0x0000000090100000, 0x0000000090100000, 0x0000000090200000|  0%| F|  |TAMS 0x0000000090100000| PB 0x0000000090100000| Untracked 
| 258|0x0000000090200000, 0x0000000090200000, 0x0000000090300000|  0%| F|  |TAMS 0x0000000090200000| PB 0x0000000090200000| Untracked 
| 259|0x0000000090300000, 0x0000000090300000, 0x0000000090400000|  0%| F|  |TAMS 0x0000000090300000| PB 0x0000000090300000| Untracked 
| 260|0x0000000090400000, 0x0000000090400000, 0x0000000090500000|  0%| F|  |TAMS 0x0000000090400000| PB 0x0000000090400000| Untracked 
| 261|0x0000000090500000, 0x0000000090500000, 0x0000000090600000|  0%| F|  |TAMS 0x0000000090500000| PB 0x0000000090500000| Untracked 
| 262|0x0000000090600000, 0x0000000090600000, 0x0000000090700000|  0%| F|  |TAMS 0x0000000090600000| PB 0x0000000090600000| Untracked 
| 263|0x0000000090700000, 0x0000000090700000, 0x0000000090800000|  0%| F|  |TAMS 0x0000000090700000| PB 0x0000000090700000| Untracked 
| 264|0x0000000090800000, 0x0000000090800000, 0x0000000090900000|  0%| F|  |TAMS 0x0000000090800000| PB 0x0000000090800000| Untracked 
| 265|0x0000000090900000, 0x0000000090900000, 0x0000000090a00000|  0%| F|  |TAMS 0x0000000090900000| PB 0x0000000090900000| Untracked 
| 266|0x0000000090a00000, 0x0000000090a00000, 0x0000000090b00000|  0%| F|  |TAMS 0x0000000090a00000| PB 0x0000000090a00000| Untracked 
| 267|0x0000000090b00000, 0x0000000090b00000, 0x0000000090c00000|  0%| F|  |TAMS 0x0000000090b00000| PB 0x0000000090b00000| Untracked 
| 268|0x0000000090c00000, 0x0000000090c00000, 0x0000000090d00000|  0%| F|  |TAMS 0x0000000090c00000| PB 0x0000000090c00000| Untracked 
| 269|0x0000000090d00000, 0x0000000090d00000, 0x0000000090e00000|  0%| F|  |TAMS 0x0000000090d00000| PB 0x0000000090d00000| Untracked 
| 270|0x0000000090e00000, 0x0000000090e00000, 0x0000000090f00000|  0%| F|  |TAMS 0x0000000090e00000| PB 0x0000000090e00000| Untracked 
| 271|0x0000000090f00000, 0x0000000090f00000, 0x0000000091000000|  0%| F|  |TAMS 0x0000000090f00000| PB 0x0000000090f00000| Untracked 
| 272|0x0000000091000000, 0x0000000091000000, 0x0000000091100000|  0%| F|  |TAMS 0x0000000091000000| PB 0x0000000091000000| Untracked 
| 273|0x0000000091100000, 0x0000000091100000, 0x0000000091200000|  0%| F|  |TAMS 0x0000000091100000| PB 0x0000000091100000| Untracked 
| 274|0x0000000091200000, 0x0000000091200000, 0x0000000091300000|  0%| F|  |TAMS 0x0000000091200000| PB 0x0000000091200000| Untracked 
| 275|0x0000000091300000, 0x0000000091300000, 0x0000000091400000|  0%| F|  |TAMS 0x0000000091300000| PB 0x0000000091300000| Untracked 
| 276|0x0000000091400000, 0x0000000091400000, 0x0000000091500000|  0%| F|  |TAMS 0x0000000091400000| PB 0x0000000091400000| Untracked 
| 277|0x0000000091500000, 0x0000000091500000, 0x0000000091600000|  0%| F|  |TAMS 0x0000000091500000| PB 0x0000000091500000| Untracked 
| 278|0x0000000091600000, 0x0000000091600000, 0x0000000091700000|  0%| F|  |TAMS 0x0000000091600000| PB 0x0000000091600000| Untracked 
| 279|0x0000000091700000, 0x0000000091700000, 0x0000000091800000|  0%| F|  |TAMS 0x0000000091700000| PB 0x0000000091700000| Untracked 
| 280|0x0000000091800000, 0x0000000091800000, 0x0000000091900000|  0%| F|  |TAMS 0x0000000091800000| PB 0x0000000091800000| Untracked 
| 281|0x0000000091900000, 0x0000000091900000, 0x0000000091a00000|  0%| F|  |TAMS 0x0000000091900000| PB 0x0000000091900000| Untracked 
| 282|0x0000000091a00000, 0x0000000091a00000, 0x0000000091b00000|  0%| F|  |TAMS 0x0000000091a00000| PB 0x0000000091a00000| Untracked 
| 283|0x0000000091b00000, 0x0000000091b00000, 0x0000000091c00000|  0%| F|  |TAMS 0x0000000091b00000| PB 0x0000000091b00000| Untracked 
| 284|0x0000000091c00000, 0x0000000091c00000, 0x0000000091d00000|  0%| F|  |TAMS 0x0000000091c00000| PB 0x0000000091c00000| Untracked 
| 285|0x0000000091d00000, 0x0000000091d00000, 0x0000000091e00000|  0%| F|  |TAMS 0x0000000091d00000| PB 0x0000000091d00000| Untracked 
| 286|0x0000000091e00000, 0x0000000091e00000, 0x0000000091f00000|  0%| F|  |TAMS 0x0000000091e00000| PB 0x0000000091e00000| Untracked 
| 287|0x0000000091f00000, 0x0000000091f00000, 0x0000000092000000|  0%| F|  |TAMS 0x0000000091f00000| PB 0x0000000091f00000| Untracked 
| 288|0x0000000092000000, 0x0000000092000000, 0x0000000092100000|  0%| F|  |TAMS 0x0000000092000000| PB 0x0000000092000000| Untracked 
| 289|0x0000000092100000, 0x0000000092100000, 0x0000000092200000|  0%| F|  |TAMS 0x0000000092100000| PB 0x0000000092100000| Untracked 
| 290|0x0000000092200000, 0x0000000092200000, 0x0000000092300000|  0%| F|  |TAMS 0x0000000092200000| PB 0x0000000092200000| Untracked 
| 291|0x0000000092300000, 0x0000000092300000, 0x0000000092400000|  0%| F|  |TAMS 0x0000000092300000| PB 0x0000000092300000| Untracked 
| 292|0x0000000092400000, 0x0000000092400000, 0x0000000092500000|  0%| F|  |TAMS 0x0000000092400000| PB 0x0000000092400000| Untracked 
| 293|0x0000000092500000, 0x0000000092500000, 0x0000000092600000|  0%| F|  |TAMS 0x0000000092500000| PB 0x0000000092500000| Untracked 
| 294|0x0000000092600000, 0x0000000092600000, 0x0000000092700000|  0%| F|  |TAMS 0x0000000092600000| PB 0x0000000092600000| Untracked 
| 295|0x0000000092700000, 0x0000000092700000, 0x0000000092800000|  0%| F|  |TAMS 0x0000000092700000| PB 0x0000000092700000| Untracked 
| 296|0x0000000092800000, 0x0000000092800000, 0x0000000092900000|  0%| F|  |TAMS 0x0000000092800000| PB 0x0000000092800000| Untracked 
| 297|0x0000000092900000, 0x0000000092900000, 0x0000000092a00000|  0%| F|  |TAMS 0x0000000092900000| PB 0x0000000092900000| Untracked 
| 298|0x0000000092a00000, 0x0000000092a00000, 0x0000000092b00000|  0%| F|  |TAMS 0x0000000092a00000| PB 0x0000000092a00000| Untracked 
| 299|0x0000000092b00000, 0x0000000092b00000, 0x0000000092c00000|  0%| F|  |TAMS 0x0000000092b00000| PB 0x0000000092b00000| Untracked 
| 300|0x0000000092c00000, 0x0000000092c00000, 0x0000000092d00000|  0%| F|  |TAMS 0x0000000092c00000| PB 0x0000000092c00000| Untracked 
| 301|0x0000000092d00000, 0x0000000092d00000, 0x0000000092e00000|  0%| F|  |TAMS 0x0000000092d00000| PB 0x0000000092d00000| Untracked 
| 302|0x0000000092e00000, 0x0000000092e00000, 0x0000000092f00000|  0%| F|  |TAMS 0x0000000092e00000| PB 0x0000000092e00000| Untracked 
| 303|0x0000000092f00000, 0x0000000092f00000, 0x0000000093000000|  0%| F|  |TAMS 0x0000000092f00000| PB 0x0000000092f00000| Untracked 
| 304|0x0000000093000000, 0x0000000093000000, 0x0000000093100000|  0%| F|  |TAMS 0x0000000093000000| PB 0x0000000093000000| Untracked 
| 305|0x0000000093100000, 0x0000000093100000, 0x0000000093200000|  0%| F|  |TAMS 0x0000000093100000| PB 0x0000000093100000| Untracked 
| 306|0x0000000093200000, 0x0000000093200000, 0x0000000093300000|  0%| F|  |TAMS 0x0000000093200000| PB 0x0000000093200000| Untracked 
| 307|0x0000000093300000, 0x0000000093300000, 0x0000000093400000|  0%| F|  |TAMS 0x0000000093300000| PB 0x0000000093300000| Untracked 
| 308|0x0000000093400000, 0x0000000093400000, 0x0000000093500000|  0%| F|  |TAMS 0x0000000093400000| PB 0x0000000093400000| Untracked 
| 309|0x0000000093500000, 0x0000000093500000, 0x0000000093600000|  0%| F|  |TAMS 0x0000000093500000| PB 0x0000000093500000| Untracked 
| 310|0x0000000093600000, 0x0000000093600000, 0x0000000093700000|  0%| F|  |TAMS 0x0000000093600000| PB 0x0000000093600000| Untracked 
| 311|0x0000000093700000, 0x0000000093700000, 0x0000000093800000|  0%| F|  |TAMS 0x0000000093700000| PB 0x0000000093700000| Untracked 
| 312|0x0000000093800000, 0x0000000093800000, 0x0000000093900000|  0%| F|  |TAMS 0x0000000093800000| PB 0x0000000093800000| Untracked 
| 313|0x0000000093900000, 0x0000000093900000, 0x0000000093a00000|  0%| F|  |TAMS 0x0000000093900000| PB 0x0000000093900000| Untracked 
| 314|0x0000000093a00000, 0x0000000093a00000, 0x0000000093b00000|  0%| F|  |TAMS 0x0000000093a00000| PB 0x0000000093a00000| Untracked 
| 315|0x0000000093b00000, 0x0000000093b00000, 0x0000000093c00000|  0%| F|  |TAMS 0x0000000093b00000| PB 0x0000000093b00000| Untracked 
| 316|0x0000000093c00000, 0x0000000093c00000, 0x0000000093d00000|  0%| F|  |TAMS 0x0000000093c00000| PB 0x0000000093c00000| Untracked 
| 317|0x0000000093d00000, 0x0000000093d00000, 0x0000000093e00000|  0%| F|  |TAMS 0x0000000093d00000| PB 0x0000000093d00000| Untracked 
| 318|0x0000000093e00000, 0x0000000093e00000, 0x0000000093f00000|  0%| F|  |TAMS 0x0000000093e00000| PB 0x0000000093e00000| Untracked 
| 319|0x0000000093f00000, 0x0000000093f00000, 0x0000000094000000|  0%| F|  |TAMS 0x0000000093f00000| PB 0x0000000093f00000| Untracked 
| 320|0x0000000094000000, 0x0000000094000000, 0x0000000094100000|  0%| F|  |TAMS 0x0000000094000000| PB 0x0000000094000000| Untracked 
| 321|0x0000000094100000, 0x0000000094100000, 0x0000000094200000|  0%| F|  |TAMS 0x0000000094100000| PB 0x0000000094100000| Untracked 
| 322|0x0000000094200000, 0x0000000094200000, 0x0000000094300000|  0%| F|  |TAMS 0x0000000094200000| PB 0x0000000094200000| Untracked 
| 323|0x0000000094300000, 0x0000000094300000, 0x0000000094400000|  0%| F|  |TAMS 0x0000000094300000| PB 0x0000000094300000| Untracked 
| 324|0x0000000094400000, 0x0000000094400000, 0x0000000094500000|  0%| F|  |TAMS 0x0000000094400000| PB 0x0000000094400000| Untracked 
| 325|0x0000000094500000, 0x0000000094500000, 0x0000000094600000|  0%| F|  |TAMS 0x0000000094500000| PB 0x0000000094500000| Untracked 
| 326|0x0000000094600000, 0x0000000094600000, 0x0000000094700000|  0%| F|  |TAMS 0x0000000094600000| PB 0x0000000094600000| Untracked 
| 327|0x0000000094700000, 0x0000000094700000, 0x0000000094800000|  0%| F|  |TAMS 0x0000000094700000| PB 0x0000000094700000| Untracked 
| 328|0x0000000094800000, 0x0000000094800000, 0x0000000094900000|  0%| F|  |TAMS 0x0000000094800000| PB 0x0000000094800000| Untracked 
| 329|0x0000000094900000, 0x0000000094900000, 0x0000000094a00000|  0%| F|  |TAMS 0x0000000094900000| PB 0x0000000094900000| Untracked 
| 330|0x0000000094a00000, 0x0000000094a00000, 0x0000000094b00000|  0%| F|  |TAMS 0x0000000094a00000| PB 0x0000000094a00000| Untracked 
| 331|0x0000000094b00000, 0x0000000094b00000, 0x0000000094c00000|  0%| F|  |TAMS 0x0000000094b00000| PB 0x0000000094b00000| Untracked 
| 332|0x0000000094c00000, 0x0000000094c00000, 0x0000000094d00000|  0%| F|  |TAMS 0x0000000094c00000| PB 0x0000000094c00000| Untracked 
| 333|0x0000000094d00000, 0x0000000094d00000, 0x0000000094e00000|  0%| F|  |TAMS 0x0000000094d00000| PB 0x0000000094d00000| Untracked 
| 334|0x0000000094e00000, 0x0000000094e00000, 0x0000000094f00000|  0%| F|  |TAMS 0x0000000094e00000| PB 0x0000000094e00000| Untracked 
| 335|0x0000000094f00000, 0x0000000094f00000, 0x0000000095000000|  0%| F|  |TAMS 0x0000000094f00000| PB 0x0000000094f00000| Untracked 
| 336|0x0000000095000000, 0x0000000095000000, 0x0000000095100000|  0%| F|  |TAMS 0x0000000095000000| PB 0x0000000095000000| Untracked 
| 337|0x0000000095100000, 0x0000000095100000, 0x0000000095200000|  0%| F|  |TAMS 0x0000000095100000| PB 0x0000000095100000| Untracked 
| 338|0x0000000095200000, 0x0000000095200000, 0x0000000095300000|  0%| F|  |TAMS 0x0000000095200000| PB 0x0000000095200000| Untracked 
| 339|0x0000000095300000, 0x0000000095300000, 0x0000000095400000|  0%| F|  |TAMS 0x0000000095300000| PB 0x0000000095300000| Untracked 
| 340|0x0000000095400000, 0x0000000095400000, 0x0000000095500000|  0%| F|  |TAMS 0x0000000095400000| PB 0x0000000095400000| Untracked 
| 341|0x0000000095500000, 0x0000000095500000, 0x0000000095600000|  0%| F|  |TAMS 0x0000000095500000| PB 0x0000000095500000| Untracked 
| 342|0x0000000095600000, 0x0000000095600000, 0x0000000095700000|  0%| F|  |TAMS 0x0000000095600000| PB 0x0000000095600000| Untracked 
| 343|0x0000000095700000, 0x0000000095700000, 0x0000000095800000|  0%| F|  |TAMS 0x0000000095700000| PB 0x0000000095700000| Untracked 
| 344|0x0000000095800000, 0x0000000095800000, 0x0000000095900000|  0%| F|  |TAMS 0x0000000095800000| PB 0x0000000095800000| Untracked 
| 345|0x0000000095900000, 0x0000000095900000, 0x0000000095a00000|  0%| F|  |TAMS 0x0000000095900000| PB 0x0000000095900000| Untracked 
| 346|0x0000000095a00000, 0x0000000095a00000, 0x0000000095b00000|  0%| F|  |TAMS 0x0000000095a00000| PB 0x0000000095a00000| Untracked 
| 347|0x0000000095b00000, 0x0000000095b00000, 0x0000000095c00000|  0%| F|  |TAMS 0x0000000095b00000| PB 0x0000000095b00000| Untracked 
| 348|0x0000000095c00000, 0x0000000095c00000, 0x0000000095d00000|  0%| F|  |TAMS 0x0000000095c00000| PB 0x0000000095c00000| Untracked 
| 349|0x0000000095d00000, 0x0000000095d00000, 0x0000000095e00000|  0%| F|  |TAMS 0x0000000095d00000| PB 0x0000000095d00000| Untracked 
| 350|0x0000000095e00000, 0x0000000095e00000, 0x0000000095f00000|  0%| F|  |TAMS 0x0000000095e00000| PB 0x0000000095e00000| Untracked 
| 351|0x0000000095f00000, 0x0000000095f00000, 0x0000000096000000|  0%| F|  |TAMS 0x0000000095f00000| PB 0x0000000095f00000| Untracked 
| 352|0x0000000096000000, 0x0000000096000000, 0x0000000096100000|  0%| F|  |TAMS 0x0000000096000000| PB 0x0000000096000000| Untracked 
| 353|0x0000000096100000, 0x0000000096100000, 0x0000000096200000|  0%| F|  |TAMS 0x0000000096100000| PB 0x0000000096100000| Untracked 
| 354|0x0000000096200000, 0x0000000096200000, 0x0000000096300000|  0%| F|  |TAMS 0x0000000096200000| PB 0x0000000096200000| Untracked 
| 355|0x0000000096300000, 0x0000000096300000, 0x0000000096400000|  0%| F|  |TAMS 0x0000000096300000| PB 0x0000000096300000| Untracked 
| 356|0x0000000096400000, 0x0000000096400000, 0x0000000096500000|  0%| F|  |TAMS 0x0000000096400000| PB 0x0000000096400000| Untracked 
| 357|0x0000000096500000, 0x0000000096500000, 0x0000000096600000|  0%| F|  |TAMS 0x0000000096500000| PB 0x0000000096500000| Untracked 
| 358|0x0000000096600000, 0x0000000096600000, 0x0000000096700000|  0%| F|  |TAMS 0x0000000096600000| PB 0x0000000096600000| Untracked 
| 359|0x0000000096700000, 0x0000000096700000, 0x0000000096800000|  0%| F|  |TAMS 0x0000000096700000| PB 0x0000000096700000| Untracked 
| 360|0x0000000096800000, 0x0000000096800000, 0x0000000096900000|  0%| F|  |TAMS 0x0000000096800000| PB 0x0000000096800000| Untracked 
| 361|0x0000000096900000, 0x0000000096900000, 0x0000000096a00000|  0%| F|  |TAMS 0x0000000096900000| PB 0x0000000096900000| Untracked 
| 362|0x0000000096a00000, 0x0000000096a00000, 0x0000000096b00000|  0%| F|  |TAMS 0x0000000096a00000| PB 0x0000000096a00000| Untracked 
| 363|0x0000000096b00000, 0x0000000096b00000, 0x0000000096c00000|  0%| F|  |TAMS 0x0000000096b00000| PB 0x0000000096b00000| Untracked 
| 364|0x0000000096c00000, 0x0000000096c00000, 0x0000000096d00000|  0%| F|  |TAMS 0x0000000096c00000| PB 0x0000000096c00000| Untracked 
| 365|0x0000000096d00000, 0x0000000096d00000, 0x0000000096e00000|  0%| F|  |TAMS 0x0000000096d00000| PB 0x0000000096d00000| Untracked 
| 366|0x0000000096e00000, 0x0000000096e00000, 0x0000000096f00000|  0%| F|  |TAMS 0x0000000096e00000| PB 0x0000000096e00000| Untracked 
| 367|0x0000000096f00000, 0x0000000096f00000, 0x0000000097000000|  0%| F|  |TAMS 0x0000000096f00000| PB 0x0000000096f00000| Untracked 
| 368|0x0000000097000000, 0x0000000097000000, 0x0000000097100000|  0%| F|  |TAMS 0x0000000097000000| PB 0x0000000097000000| Untracked 
| 369|0x0000000097100000, 0x0000000097100000, 0x0000000097200000|  0%| F|  |TAMS 0x0000000097100000| PB 0x0000000097100000| Untracked 
| 370|0x0000000097200000, 0x0000000097200000, 0x0000000097300000|  0%| F|  |TAMS 0x0000000097200000| PB 0x0000000097200000| Untracked 
| 371|0x0000000097300000, 0x0000000097300000, 0x0000000097400000|  0%| F|  |TAMS 0x0000000097300000| PB 0x0000000097300000| Untracked 
| 372|0x0000000097400000, 0x0000000097400000, 0x0000000097500000|  0%| F|  |TAMS 0x0000000097400000| PB 0x0000000097400000| Untracked 
| 373|0x0000000097500000, 0x0000000097500000, 0x0000000097600000|  0%| F|  |TAMS 0x0000000097500000| PB 0x0000000097500000| Untracked 
| 374|0x0000000097600000, 0x0000000097600000, 0x0000000097700000|  0%| F|  |TAMS 0x0000000097600000| PB 0x0000000097600000| Untracked 
| 375|0x0000000097700000, 0x0000000097700000, 0x0000000097800000|  0%| F|  |TAMS 0x0000000097700000| PB 0x0000000097700000| Untracked 
| 376|0x0000000097800000, 0x0000000097800000, 0x0000000097900000|  0%| F|  |TAMS 0x0000000097800000| PB 0x0000000097800000| Untracked 
| 377|0x0000000097900000, 0x0000000097900000, 0x0000000097a00000|  0%| F|  |TAMS 0x0000000097900000| PB 0x0000000097900000| Untracked 
| 378|0x0000000097a00000, 0x0000000097a00000, 0x0000000097b00000|  0%| F|  |TAMS 0x0000000097a00000| PB 0x0000000097a00000| Untracked 
| 379|0x0000000097b00000, 0x0000000097b00000, 0x0000000097c00000|  0%| F|  |TAMS 0x0000000097b00000| PB 0x0000000097b00000| Untracked 
| 380|0x0000000097c00000, 0x0000000097c00000, 0x0000000097d00000|  0%| F|  |TAMS 0x0000000097c00000| PB 0x0000000097c00000| Untracked 
| 381|0x0000000097d00000, 0x0000000097d00000, 0x0000000097e00000|  0%| F|  |TAMS 0x0000000097d00000| PB 0x0000000097d00000| Untracked 
| 382|0x0000000097e00000, 0x0000000097e00000, 0x0000000097f00000|  0%| F|  |TAMS 0x0000000097e00000| PB 0x0000000097e00000| Untracked 
| 383|0x0000000097f00000, 0x0000000097f00000, 0x0000000098000000|  0%| F|  |TAMS 0x0000000097f00000| PB 0x0000000097f00000| Untracked 
| 384|0x0000000098000000, 0x0000000098000000, 0x0000000098100000|  0%| F|  |TAMS 0x0000000098000000| PB 0x0000000098000000| Untracked 
| 385|0x0000000098100000, 0x0000000098100000, 0x0000000098200000|  0%| F|  |TAMS 0x0000000098100000| PB 0x0000000098100000| Untracked 
| 386|0x0000000098200000, 0x0000000098200000, 0x0000000098300000|  0%| F|  |TAMS 0x0000000098200000| PB 0x0000000098200000| Untracked 
| 387|0x0000000098300000, 0x0000000098300000, 0x0000000098400000|  0%| F|  |TAMS 0x0000000098300000| PB 0x0000000098300000| Untracked 
| 388|0x0000000098400000, 0x0000000098400000, 0x0000000098500000|  0%| F|  |TAMS 0x0000000098400000| PB 0x0000000098400000| Untracked 
| 389|0x0000000098500000, 0x0000000098500000, 0x0000000098600000|  0%| F|  |TAMS 0x0000000098500000| PB 0x0000000098500000| Untracked 
| 390|0x0000000098600000, 0x0000000098600000, 0x0000000098700000|  0%| F|  |TAMS 0x0000000098600000| PB 0x0000000098600000| Untracked 
| 391|0x0000000098700000, 0x0000000098700000, 0x0000000098800000|  0%| F|  |TAMS 0x0000000098700000| PB 0x0000000098700000| Untracked 
| 392|0x0000000098800000, 0x0000000098800000, 0x0000000098900000|  0%| F|  |TAMS 0x0000000098800000| PB 0x0000000098800000| Untracked 
| 393|0x0000000098900000, 0x0000000098900000, 0x0000000098a00000|  0%| F|  |TAMS 0x0000000098900000| PB 0x0000000098900000| Untracked 
| 394|0x0000000098a00000, 0x0000000098a00000, 0x0000000098b00000|  0%| F|  |TAMS 0x0000000098a00000| PB 0x0000000098a00000| Untracked 
| 395|0x0000000098b00000, 0x0000000098b00000, 0x0000000098c00000|  0%| F|  |TAMS 0x0000000098b00000| PB 0x0000000098b00000| Untracked 
| 396|0x0000000098c00000, 0x0000000098c00000, 0x0000000098d00000|  0%| F|  |TAMS 0x0000000098c00000| PB 0x0000000098c00000| Untracked 
| 397|0x0000000098d00000, 0x0000000098d00000, 0x0000000098e00000|  0%| F|  |TAMS 0x0000000098d00000| PB 0x0000000098d00000| Untracked 
| 398|0x0000000098e00000, 0x0000000098e00000, 0x0000000098f00000|  0%| F|  |TAMS 0x0000000098e00000| PB 0x0000000098e00000| Untracked 
| 399|0x0000000098f00000, 0x0000000098f00000, 0x0000000099000000|  0%| F|  |TAMS 0x0000000098f00000| PB 0x0000000098f00000| Untracked 
| 400|0x0000000099000000, 0x0000000099000000, 0x0000000099100000|  0%| F|  |TAMS 0x0000000099000000| PB 0x0000000099000000| Untracked 
| 401|0x0000000099100000, 0x0000000099100000, 0x0000000099200000|  0%| F|  |TAMS 0x0000000099100000| PB 0x0000000099100000| Untracked 
| 402|0x0000000099200000, 0x0000000099200000, 0x0000000099300000|  0%| F|  |TAMS 0x0000000099200000| PB 0x0000000099200000| Untracked 
| 403|0x0000000099300000, 0x0000000099300000, 0x0000000099400000|  0%| F|  |TAMS 0x0000000099300000| PB 0x0000000099300000| Untracked 
| 404|0x0000000099400000, 0x0000000099400000, 0x0000000099500000|  0%| F|  |TAMS 0x0000000099400000| PB 0x0000000099400000| Untracked 
| 405|0x0000000099500000, 0x0000000099500000, 0x0000000099600000|  0%| F|  |TAMS 0x0000000099500000| PB 0x0000000099500000| Untracked 
| 406|0x0000000099600000, 0x0000000099600000, 0x0000000099700000|  0%| F|  |TAMS 0x0000000099600000| PB 0x0000000099600000| Untracked 
| 407|0x0000000099700000, 0x0000000099700000, 0x0000000099800000|  0%| F|  |TAMS 0x0000000099700000| PB 0x0000000099700000| Untracked 
| 408|0x0000000099800000, 0x0000000099800000, 0x0000000099900000|  0%| F|  |TAMS 0x0000000099800000| PB 0x0000000099800000| Untracked 
| 409|0x0000000099900000, 0x0000000099900000, 0x0000000099a00000|  0%| F|  |TAMS 0x0000000099900000| PB 0x0000000099900000| Untracked 
| 410|0x0000000099a00000, 0x0000000099a00000, 0x0000000099b00000|  0%| F|  |TAMS 0x0000000099a00000| PB 0x0000000099a00000| Untracked 
| 411|0x0000000099b00000, 0x0000000099b00000, 0x0000000099c00000|  0%| F|  |TAMS 0x0000000099b00000| PB 0x0000000099b00000| Untracked 
| 412|0x0000000099c00000, 0x0000000099c00000, 0x0000000099d00000|  0%| F|  |TAMS 0x0000000099c00000| PB 0x0000000099c00000| Untracked 
| 413|0x0000000099d00000, 0x0000000099d00000, 0x0000000099e00000|  0%| F|  |TAMS 0x0000000099d00000| PB 0x0000000099d00000| Untracked 
| 414|0x0000000099e00000, 0x0000000099e00000, 0x0000000099f00000|  0%| F|  |TAMS 0x0000000099e00000| PB 0x0000000099e00000| Untracked 
| 415|0x0000000099f00000, 0x0000000099f00000, 0x000000009a000000|  0%| F|  |TAMS 0x0000000099f00000| PB 0x0000000099f00000| Untracked 
| 416|0x000000009a000000, 0x000000009a000000, 0x000000009a100000|  0%| F|  |TAMS 0x000000009a000000| PB 0x000000009a000000| Untracked 
| 417|0x000000009a100000, 0x000000009a100000, 0x000000009a200000|  0%| F|  |TAMS 0x000000009a100000| PB 0x000000009a100000| Untracked 
| 418|0x000000009a200000, 0x000000009a200000, 0x000000009a300000|  0%| F|  |TAMS 0x000000009a200000| PB 0x000000009a200000| Untracked 
| 419|0x000000009a300000, 0x000000009a300000, 0x000000009a400000|  0%| F|  |TAMS 0x000000009a300000| PB 0x000000009a300000| Untracked 
| 420|0x000000009a400000, 0x000000009a400000, 0x000000009a500000|  0%| F|  |TAMS 0x000000009a400000| PB 0x000000009a400000| Untracked 
| 421|0x000000009a500000, 0x000000009a500000, 0x000000009a600000|  0%| F|  |TAMS 0x000000009a500000| PB 0x000000009a500000| Untracked 
| 422|0x000000009a600000, 0x000000009a600000, 0x000000009a700000|  0%| F|  |TAMS 0x000000009a600000| PB 0x000000009a600000| Untracked 
| 423|0x000000009a700000, 0x000000009a700000, 0x000000009a800000|  0%| F|  |TAMS 0x000000009a700000| PB 0x000000009a700000| Untracked 
| 424|0x000000009a800000, 0x000000009a800000, 0x000000009a900000|  0%| F|  |TAMS 0x000000009a800000| PB 0x000000009a800000| Untracked 
| 425|0x000000009a900000, 0x000000009a900000, 0x000000009aa00000|  0%| F|  |TAMS 0x000000009a900000| PB 0x000000009a900000| Untracked 
| 426|0x000000009aa00000, 0x000000009aa00000, 0x000000009ab00000|  0%| F|  |TAMS 0x000000009aa00000| PB 0x000000009aa00000| Untracked 
| 427|0x000000009ab00000, 0x000000009ab00000, 0x000000009ac00000|  0%| F|  |TAMS 0x000000009ab00000| PB 0x000000009ab00000| Untracked 
| 428|0x000000009ac00000, 0x000000009ac00000, 0x000000009ad00000|  0%| F|  |TAMS 0x000000009ac00000| PB 0x000000009ac00000| Untracked 
| 429|0x000000009ad00000, 0x000000009ad00000, 0x000000009ae00000|  0%| F|  |TAMS 0x000000009ad00000| PB 0x000000009ad00000| Untracked 
| 430|0x000000009ae00000, 0x000000009ae00000, 0x000000009af00000|  0%| F|  |TAMS 0x000000009ae00000| PB 0x000000009ae00000| Untracked 
| 431|0x000000009af00000, 0x000000009af00000, 0x000000009b000000|  0%| F|  |TAMS 0x000000009af00000| PB 0x000000009af00000| Untracked 
| 432|0x000000009b000000, 0x000000009b000000, 0x000000009b100000|  0%| F|  |TAMS 0x000000009b000000| PB 0x000000009b000000| Untracked 
| 433|0x000000009b100000, 0x000000009b100000, 0x000000009b200000|  0%| F|  |TAMS 0x000000009b100000| PB 0x000000009b100000| Untracked 
| 434|0x000000009b200000, 0x000000009b200000, 0x000000009b300000|  0%| F|  |TAMS 0x000000009b200000| PB 0x000000009b200000| Untracked 
| 435|0x000000009b300000, 0x000000009b300000, 0x000000009b400000|  0%| F|  |TAMS 0x000000009b300000| PB 0x000000009b300000| Untracked 
| 436|0x000000009b400000, 0x000000009b400000, 0x000000009b500000|  0%| F|  |TAMS 0x000000009b400000| PB 0x000000009b400000| Untracked 
| 437|0x000000009b500000, 0x000000009b500000, 0x000000009b600000|  0%| F|  |TAMS 0x000000009b500000| PB 0x000000009b500000| Untracked 
| 438|0x000000009b600000, 0x000000009b600000, 0x000000009b700000|  0%| F|  |TAMS 0x000000009b600000| PB 0x000000009b600000| Untracked 
| 439|0x000000009b700000, 0x000000009b700000, 0x000000009b800000|  0%| F|  |TAMS 0x000000009b700000| PB 0x000000009b700000| Untracked 
| 440|0x000000009b800000, 0x000000009b800000, 0x000000009b900000|  0%| F|  |TAMS 0x000000009b800000| PB 0x000000009b800000| Untracked 
| 441|0x000000009b900000, 0x000000009b900000, 0x000000009ba00000|  0%| F|  |TAMS 0x000000009b900000| PB 0x000000009b900000| Untracked 
| 442|0x000000009ba00000, 0x000000009ba00000, 0x000000009bb00000|  0%| F|  |TAMS 0x000000009ba00000| PB 0x000000009ba00000| Untracked 
| 443|0x000000009bb00000, 0x000000009bb00000, 0x000000009bc00000|  0%| F|  |TAMS 0x000000009bb00000| PB 0x000000009bb00000| Untracked 
| 444|0x000000009bc00000, 0x000000009bc00000, 0x000000009bd00000|  0%| F|  |TAMS 0x000000009bc00000| PB 0x000000009bc00000| Untracked 
| 445|0x000000009bd00000, 0x000000009bd00000, 0x000000009be00000|  0%| F|  |TAMS 0x000000009bd00000| PB 0x000000009bd00000| Untracked 
| 446|0x000000009be00000, 0x000000009be00000, 0x000000009bf00000|  0%| F|  |TAMS 0x000000009be00000| PB 0x000000009be00000| Untracked 
| 447|0x000000009bf00000, 0x000000009bf00000, 0x000000009c000000|  0%| F|  |TAMS 0x000000009bf00000| PB 0x000000009bf00000| Untracked 
| 448|0x000000009c000000, 0x000000009c000000, 0x000000009c100000|  0%| F|  |TAMS 0x000000009c000000| PB 0x000000009c000000| Untracked 
| 449|0x000000009c100000, 0x000000009c100000, 0x000000009c200000|  0%| F|  |TAMS 0x000000009c100000| PB 0x000000009c100000| Untracked 
| 450|0x000000009c200000, 0x000000009c200000, 0x000000009c300000|  0%| F|  |TAMS 0x000000009c200000| PB 0x000000009c200000| Untracked 
| 451|0x000000009c300000, 0x000000009c300000, 0x000000009c400000|  0%| F|  |TAMS 0x000000009c300000| PB 0x000000009c300000| Untracked 
| 452|0x000000009c400000, 0x000000009c400000, 0x000000009c500000|  0%| F|  |TAMS 0x000000009c400000| PB 0x000000009c400000| Untracked 
| 453|0x000000009c500000, 0x000000009c500000, 0x000000009c600000|  0%| F|  |TAMS 0x000000009c500000| PB 0x000000009c500000| Untracked 
| 454|0x000000009c600000, 0x000000009c600000, 0x000000009c700000|  0%| F|  |TAMS 0x000000009c600000| PB 0x000000009c600000| Untracked 
| 455|0x000000009c700000, 0x000000009c700000, 0x000000009c800000|  0%| F|  |TAMS 0x000000009c700000| PB 0x000000009c700000| Untracked 
| 456|0x000000009c800000, 0x000000009c800000, 0x000000009c900000|  0%| F|  |TAMS 0x000000009c800000| PB 0x000000009c800000| Untracked 
| 457|0x000000009c900000, 0x000000009c900000, 0x000000009ca00000|  0%| F|  |TAMS 0x000000009c900000| PB 0x000000009c900000| Untracked 
| 458|0x000000009ca00000, 0x000000009ca00000, 0x000000009cb00000|  0%| F|  |TAMS 0x000000009ca00000| PB 0x000000009ca00000| Untracked 
| 459|0x000000009cb00000, 0x000000009cb00000, 0x000000009cc00000|  0%| F|  |TAMS 0x000000009cb00000| PB 0x000000009cb00000| Untracked 
| 460|0x000000009cc00000, 0x000000009cc00000, 0x000000009cd00000|  0%| F|  |TAMS 0x000000009cc00000| PB 0x000000009cc00000| Untracked 
| 461|0x000000009cd00000, 0x000000009cd00000, 0x000000009ce00000|  0%| F|  |TAMS 0x000000009cd00000| PB 0x000000009cd00000| Untracked 
| 462|0x000000009ce00000, 0x000000009ce00000, 0x000000009cf00000|  0%| F|  |TAMS 0x000000009ce00000| PB 0x000000009ce00000| Untracked 
| 463|0x000000009cf00000, 0x000000009cf00000, 0x000000009d000000|  0%| F|  |TAMS 0x000000009cf00000| PB 0x000000009cf00000| Untracked 
| 464|0x000000009d000000, 0x000000009d000000, 0x000000009d100000|  0%| F|  |TAMS 0x000000009d000000| PB 0x000000009d000000| Untracked 
| 465|0x000000009d100000, 0x000000009d100000, 0x000000009d200000|  0%| F|  |TAMS 0x000000009d100000| PB 0x000000009d100000| Untracked 
| 466|0x000000009d200000, 0x000000009d200000, 0x000000009d300000|  0%| F|  |TAMS 0x000000009d200000| PB 0x000000009d200000| Untracked 
| 467|0x000000009d300000, 0x000000009d300000, 0x000000009d400000|  0%| F|  |TAMS 0x000000009d300000| PB 0x000000009d300000| Untracked 
| 468|0x000000009d400000, 0x000000009d400000, 0x000000009d500000|  0%| F|  |TAMS 0x000000009d400000| PB 0x000000009d400000| Untracked 
| 469|0x000000009d500000, 0x000000009d500000, 0x000000009d600000|  0%| F|  |TAMS 0x000000009d500000| PB 0x000000009d500000| Untracked 
| 470|0x000000009d600000, 0x000000009d600000, 0x000000009d700000|  0%| F|  |TAMS 0x000000009d600000| PB 0x000000009d600000| Untracked 
| 471|0x000000009d700000, 0x000000009d700000, 0x000000009d800000|  0%| F|  |TAMS 0x000000009d700000| PB 0x000000009d700000| Untracked 
| 472|0x000000009d800000, 0x000000009d800000, 0x000000009d900000|  0%| F|  |TAMS 0x000000009d800000| PB 0x000000009d800000| Untracked 
| 473|0x000000009d900000, 0x000000009d900000, 0x000000009da00000|  0%| F|  |TAMS 0x000000009d900000| PB 0x000000009d900000| Untracked 
| 474|0x000000009da00000, 0x000000009da00000, 0x000000009db00000|  0%| F|  |TAMS 0x000000009da00000| PB 0x000000009da00000| Untracked 
| 475|0x000000009db00000, 0x000000009db00000, 0x000000009dc00000|  0%| F|  |TAMS 0x000000009db00000| PB 0x000000009db00000| Untracked 
| 476|0x000000009dc00000, 0x000000009dc00000, 0x000000009dd00000|  0%| F|  |TAMS 0x000000009dc00000| PB 0x000000009dc00000| Untracked 
| 477|0x000000009dd00000, 0x000000009dd00000, 0x000000009de00000|  0%| F|  |TAMS 0x000000009dd00000| PB 0x000000009dd00000| Untracked 
| 478|0x000000009de00000, 0x000000009de00000, 0x000000009df00000|  0%| F|  |TAMS 0x000000009de00000| PB 0x000000009de00000| Untracked 
| 479|0x000000009df00000, 0x000000009df00000, 0x000000009e000000|  0%| F|  |TAMS 0x000000009df00000| PB 0x000000009df00000| Untracked 
| 480|0x000000009e000000, 0x000000009e000000, 0x000000009e100000|  0%| F|  |TAMS 0x000000009e000000| PB 0x000000009e000000| Untracked 
| 481|0x000000009e100000, 0x000000009e100000, 0x000000009e200000|  0%| F|  |TAMS 0x000000009e100000| PB 0x000000009e100000| Untracked 
| 482|0x000000009e200000, 0x000000009e200000, 0x000000009e300000|  0%| F|  |TAMS 0x000000009e200000| PB 0x000000009e200000| Untracked 
| 483|0x000000009e300000, 0x000000009e300000, 0x000000009e400000|  0%| F|  |TAMS 0x000000009e300000| PB 0x000000009e300000| Untracked 
| 484|0x000000009e400000, 0x000000009e400000, 0x000000009e500000|  0%| F|  |TAMS 0x000000009e400000| PB 0x000000009e400000| Untracked 
| 485|0x000000009e500000, 0x000000009e500000, 0x000000009e600000|  0%| F|  |TAMS 0x000000009e500000| PB 0x000000009e500000| Untracked 
| 486|0x000000009e600000, 0x000000009e600000, 0x000000009e700000|  0%| F|  |TAMS 0x000000009e600000| PB 0x000000009e600000| Untracked 
| 487|0x000000009e700000, 0x000000009e700000, 0x000000009e800000|  0%| F|  |TAMS 0x000000009e700000| PB 0x000000009e700000| Untracked 
| 488|0x000000009e800000, 0x000000009e800000, 0x000000009e900000|  0%| F|  |TAMS 0x000000009e800000| PB 0x000000009e800000| Untracked 
| 489|0x000000009e900000, 0x000000009e900000, 0x000000009ea00000|  0%| F|  |TAMS 0x000000009e900000| PB 0x000000009e900000| Untracked 
| 490|0x000000009ea00000, 0x000000009ea00000, 0x000000009eb00000|  0%| F|  |TAMS 0x000000009ea00000| PB 0x000000009ea00000| Untracked 
| 491|0x000000009eb00000, 0x000000009eb00000, 0x000000009ec00000|  0%| F|  |TAMS 0x000000009eb00000| PB 0x000000009eb00000| Untracked 
| 492|0x000000009ec00000, 0x000000009ec00000, 0x000000009ed00000|  0%| F|  |TAMS 0x000000009ec00000| PB 0x000000009ec00000| Untracked 
| 493|0x000000009ed00000, 0x000000009ed00000, 0x000000009ee00000|  0%| F|  |TAMS 0x000000009ed00000| PB 0x000000009ed00000| Untracked 
| 494|0x000000009ee00000, 0x000000009ee00000, 0x000000009ef00000|  0%| F|  |TAMS 0x000000009ee00000| PB 0x000000009ee00000| Untracked 
| 495|0x000000009ef00000, 0x000000009ef00000, 0x000000009f000000|  0%| F|  |TAMS 0x000000009ef00000| PB 0x000000009ef00000| Untracked 
| 496|0x000000009f000000, 0x000000009f000000, 0x000000009f100000|  0%| F|  |TAMS 0x000000009f000000| PB 0x000000009f000000| Untracked 
| 497|0x000000009f100000, 0x000000009f100000, 0x000000009f200000|  0%| F|  |TAMS 0x000000009f100000| PB 0x000000009f100000| Untracked 
| 498|0x000000009f200000, 0x000000009f200000, 0x000000009f300000|  0%| F|  |TAMS 0x000000009f200000| PB 0x000000009f200000| Untracked 
| 499|0x000000009f300000, 0x000000009f300000, 0x000000009f400000|  0%| F|  |TAMS 0x000000009f300000| PB 0x000000009f300000| Untracked 
| 500|0x000000009f400000, 0x000000009f400000, 0x000000009f500000|  0%| F|  |TAMS 0x000000009f400000| PB 0x000000009f400000| Untracked 
| 501|0x000000009f500000, 0x000000009f500000, 0x000000009f600000|  0%| F|  |TAMS 0x000000009f500000| PB 0x000000009f500000| Untracked 
| 502|0x000000009f600000, 0x000000009f600000, 0x000000009f700000|  0%| F|  |TAMS 0x000000009f600000| PB 0x000000009f600000| Untracked 
| 503|0x000000009f700000, 0x000000009f700000, 0x000000009f800000|  0%| F|  |TAMS 0x000000009f700000| PB 0x000000009f700000| Untracked 
| 504|0x000000009f800000, 0x000000009f800000, 0x000000009f900000|  0%| F|  |TAMS 0x000000009f800000| PB 0x000000009f800000| Untracked 
| 505|0x000000009f900000, 0x000000009f900000, 0x000000009fa00000|  0%| F|  |TAMS 0x000000009f900000| PB 0x000000009f900000| Untracked 
| 506|0x000000009fa00000, 0x000000009fa00000, 0x000000009fb00000|  0%| F|  |TAMS 0x000000009fa00000| PB 0x000000009fa00000| Untracked 
| 507|0x000000009fb00000, 0x000000009fb00000, 0x000000009fc00000|  0%| F|  |TAMS 0x000000009fb00000| PB 0x000000009fb00000| Untracked 
| 508|0x000000009fc00000, 0x000000009fc00000, 0x000000009fd00000|  0%| F|  |TAMS 0x000000009fc00000| PB 0x000000009fc00000| Untracked 
| 509|0x000000009fd00000, 0x000000009fd00000, 0x000000009fe00000|  0%| F|  |TAMS 0x000000009fd00000| PB 0x000000009fd00000| Untracked 
| 510|0x000000009fe00000, 0x000000009fe00000, 0x000000009ff00000|  0%| F|  |TAMS 0x000000009fe00000| PB 0x000000009fe00000| Untracked 
| 511|0x000000009ff00000, 0x000000009ff00000, 0x00000000a0000000|  0%| F|  |TAMS 0x000000009ff00000| PB 0x000000009ff00000| Untracked 
| 512|0x00000000a0000000, 0x00000000a0000000, 0x00000000a0100000|  0%| F|  |TAMS 0x00000000a0000000| PB 0x00000000a0000000| Untracked 
| 513|0x00000000a0100000, 0x00000000a0100000, 0x00000000a0200000|  0%| F|  |TAMS 0x00000000a0100000| PB 0x00000000a0100000| Untracked 
| 514|0x00000000a0200000, 0x00000000a0200000, 0x00000000a0300000|  0%| F|  |TAMS 0x00000000a0200000| PB 0x00000000a0200000| Untracked 
| 515|0x00000000a0300000, 0x00000000a0300000, 0x00000000a0400000|  0%| F|  |TAMS 0x00000000a0300000| PB 0x00000000a0300000| Untracked 
| 516|0x00000000a0400000, 0x00000000a0400000, 0x00000000a0500000|  0%| F|  |TAMS 0x00000000a0400000| PB 0x00000000a0400000| Untracked 
| 517|0x00000000a0500000, 0x00000000a0500000, 0x00000000a0600000|  0%| F|  |TAMS 0x00000000a0500000| PB 0x00000000a0500000| Untracked 
| 518|0x00000000a0600000, 0x00000000a0600000, 0x00000000a0700000|  0%| F|  |TAMS 0x00000000a0600000| PB 0x00000000a0600000| Untracked 
| 519|0x00000000a0700000, 0x00000000a0700000, 0x00000000a0800000|  0%| F|  |TAMS 0x00000000a0700000| PB 0x00000000a0700000| Untracked 
| 520|0x00000000a0800000, 0x00000000a0800000, 0x00000000a0900000|  0%| F|  |TAMS 0x00000000a0800000| PB 0x00000000a0800000| Untracked 
| 521|0x00000000a0900000, 0x00000000a0900000, 0x00000000a0a00000|  0%| F|  |TAMS 0x00000000a0900000| PB 0x00000000a0900000| Untracked 
| 522|0x00000000a0a00000, 0x00000000a0a00000, 0x00000000a0b00000|  0%| F|  |TAMS 0x00000000a0a00000| PB 0x00000000a0a00000| Untracked 
| 523|0x00000000a0b00000, 0x00000000a0b00000, 0x00000000a0c00000|  0%| F|  |TAMS 0x00000000a0b00000| PB 0x00000000a0b00000| Untracked 
| 524|0x00000000a0c00000, 0x00000000a0c00000, 0x00000000a0d00000|  0%| F|  |TAMS 0x00000000a0c00000| PB 0x00000000a0c00000| Untracked 
| 525|0x00000000a0d00000, 0x00000000a0d00000, 0x00000000a0e00000|  0%| F|  |TAMS 0x00000000a0d00000| PB 0x00000000a0d00000| Untracked 
| 526|0x00000000a0e00000, 0x00000000a0e00000, 0x00000000a0f00000|  0%| F|  |TAMS 0x00000000a0e00000| PB 0x00000000a0e00000| Untracked 
| 527|0x00000000a0f00000, 0x00000000a0f00000, 0x00000000a1000000|  0%| F|  |TAMS 0x00000000a0f00000| PB 0x00000000a0f00000| Untracked 
| 528|0x00000000a1000000, 0x00000000a1000000, 0x00000000a1100000|  0%| F|  |TAMS 0x00000000a1000000| PB 0x00000000a1000000| Untracked 
| 529|0x00000000a1100000, 0x00000000a1100000, 0x00000000a1200000|  0%| F|  |TAMS 0x00000000a1100000| PB 0x00000000a1100000| Untracked 
| 530|0x00000000a1200000, 0x00000000a1200000, 0x00000000a1300000|  0%| F|  |TAMS 0x00000000a1200000| PB 0x00000000a1200000| Untracked 
| 531|0x00000000a1300000, 0x00000000a1300000, 0x00000000a1400000|  0%| F|  |TAMS 0x00000000a1300000| PB 0x00000000a1300000| Untracked 
| 532|0x00000000a1400000, 0x00000000a1400000, 0x00000000a1500000|  0%| F|  |TAMS 0x00000000a1400000| PB 0x00000000a1400000| Untracked 
| 533|0x00000000a1500000, 0x00000000a1500000, 0x00000000a1600000|  0%| F|  |TAMS 0x00000000a1500000| PB 0x00000000a1500000| Untracked 
| 534|0x00000000a1600000, 0x00000000a167abb0, 0x00000000a1700000| 47%| S|CS|TAMS 0x00000000a1600000| PB 0x00000000a1600000| Complete 
| 535|0x00000000a1700000, 0x00000000a1800000, 0x00000000a1800000|100%| S|CS|TAMS 0x00000000a1700000| PB 0x00000000a1700000| Complete 
| 536|0x00000000a1800000, 0x00000000a1800000, 0x00000000a1900000|  0%| F|  |TAMS 0x00000000a1800000| PB 0x00000000a1800000| Untracked 
| 537|0x00000000a1900000, 0x00000000a1900000, 0x00000000a1a00000|  0%| F|  |TAMS 0x00000000a1900000| PB 0x00000000a1900000| Untracked 
| 538|0x00000000a1a00000, 0x00000000a1a00000, 0x00000000a1b00000|  0%| F|  |TAMS 0x00000000a1a00000| PB 0x00000000a1a00000| Untracked 
| 539|0x00000000a1b00000, 0x00000000a1b00000, 0x00000000a1c00000|  0%| F|  |TAMS 0x00000000a1b00000| PB 0x00000000a1b00000| Untracked 
| 540|0x00000000a1c00000, 0x00000000a1c00000, 0x00000000a1d00000|  0%| F|  |TAMS 0x00000000a1c00000| PB 0x00000000a1c00000| Untracked 
| 541|0x00000000a1d00000, 0x00000000a1d00000, 0x00000000a1e00000|  0%| F|  |TAMS 0x00000000a1d00000| PB 0x00000000a1d00000| Untracked 
|2022|0x00000000fe600000, 0x00000000fe700000, 0x00000000fe700000|100%| O|  |TAMS 0x00000000fe600000| PB 0x00000000fe600000| Untracked 
|2023|0x00000000fe700000, 0x00000000fe800000, 0x00000000fe800000|100%| O|  |TAMS 0x00000000fe700000| PB 0x00000000fe700000| Untracked 
|2024|0x00000000fe800000, 0x00000000fe800000, 0x00000000fe900000|  0%| F|  |TAMS 0x00000000fe800000| PB 0x00000000fe800000| Untracked 
|2025|0x00000000fe900000, 0x00000000fe9a3eb0, 0x00000000fea00000| 64%| E|  |TAMS 0x00000000fe900000| PB 0x00000000fe900000| Complete 
|2026|0x00000000fea00000, 0x00000000feb00000, 0x00000000feb00000|100%| E|  |TAMS 0x00000000fea00000| PB 0x00000000fea00000| Complete 
|2027|0x00000000feb00000, 0x00000000fec00000, 0x00000000fec00000|100%| E|CS|TAMS 0x00000000feb00000| PB 0x00000000feb00000| Complete 
|2028|0x00000000fec00000, 0x00000000fed00000, 0x00000000fed00000|100%| E|CS|TAMS 0x00000000fec00000| PB 0x00000000fec00000| Complete 
|2029|0x00000000fed00000, 0x00000000fee00000, 0x00000000fee00000|100%| E|CS|TAMS 0x00000000fed00000| PB 0x00000000fed00000| Complete 
|2030|0x00000000fee00000, 0x00000000fef00000, 0x00000000fef00000|100%| E|CS|TAMS 0x00000000fee00000| PB 0x00000000fee00000| Complete 
|2031|0x00000000fef00000, 0x00000000ff000000, 0x00000000ff000000|100%| E|CS|TAMS 0x00000000fef00000| PB 0x00000000fef00000| Complete 
|2032|0x00000000ff000000, 0x00000000ff100000, 0x00000000ff100000|100%| E|CS|TAMS 0x00000000ff000000| PB 0x00000000ff000000| Complete 
|2033|0x00000000ff100000, 0x00000000ff200000, 0x00000000ff200000|100%| E|CS|TAMS 0x00000000ff100000| PB 0x00000000ff100000| Complete 
|2034|0x00000000ff200000, 0x00000000ff300000, 0x00000000ff300000|100%| E|CS|TAMS 0x00000000ff200000| PB 0x00000000ff200000| Complete 
|2035|0x00000000ff300000, 0x00000000ff400000, 0x00000000ff400000|100%| E|CS|TAMS 0x00000000ff300000| PB 0x00000000ff300000| Complete 
|2036|0x00000000ff400000, 0x00000000ff500000, 0x00000000ff500000|100%| E|CS|TAMS 0x00000000ff400000| PB 0x00000000ff400000| Complete 
|2037|0x00000000ff500000, 0x00000000ff600000, 0x00000000ff600000|100%| E|CS|TAMS 0x00000000ff500000| PB 0x00000000ff500000| Complete 
|2038|0x00000000ff600000, 0x00000000ff700000, 0x00000000ff700000|100%| O|  |TAMS 0x00000000ff600000| PB 0x00000000ff600000| Untracked 
|2039|0x00000000ff700000, 0x00000000ff800000, 0x00000000ff800000|100%| E|CS|TAMS 0x00000000ff700000| PB 0x00000000ff700000| Complete 
|2040|0x00000000ff800000, 0x00000000ff900000, 0x00000000ff900000|100%| E|CS|TAMS 0x00000000ff800000| PB 0x00000000ff800000| Complete 
|2041|0x00000000ff900000, 0x00000000ffa00000, 0x00000000ffa00000|100%| O|  |TAMS 0x00000000ff900000| PB 0x00000000ff900000| Untracked 
|2042|0x00000000ffa00000, 0x00000000ffb00000, 0x00000000ffb00000|100%| O|  |TAMS 0x00000000ffa00000| PB 0x00000000ffa00000| Untracked 
|2043|0x00000000ffb00000, 0x00000000ffc00000, 0x00000000ffc00000|100%| O|  |TAMS 0x00000000ffb00000| PB 0x00000000ffb00000| Untracked 
|2044|0x00000000ffc00000, 0x00000000ffd00000, 0x00000000ffd00000|100%| O|  |TAMS 0x00000000ffc00000| PB 0x00000000ffc00000| Untracked 
|2045|0x00000000ffd00000, 0x00000000ffe00000, 0x00000000ffe00000|100%| E|CS|TAMS 0x00000000ffd00000| PB 0x00000000ffd00000| Complete 
|2046|0x00000000ffe00000, 0x00000000fff00000, 0x00000000fff00000|100%| E|CS|TAMS 0x00000000ffe00000| PB 0x00000000ffe00000| Complete 
|2047|0x00000000fff00000, 0x0000000100000000, 0x0000000100000000|100%| O|  |TAMS 0x00000000fff00000| PB 0x00000000fff00000| Untracked 

Card table byte_map: [0x000001f536700000,0x000001f536b00000] _byte_map_base: 0x000001f536300000

Marking Bits: (CMBitMap*) 0x000001f52424e0c0
 Bits: [0x000001f536b00000, 0x000001f538b00000)

Polling page: 0x000001f521c00000

Metaspace:

Usage:
  Non-class:     83.16 MB used.
      Class:     13.16 MB used.
       Both:     96.32 MB used.

Virtual space:
  Non-class space:      128.00 MB reserved,      84.12 MB ( 66%) committed,  2 nodes.
      Class space:        1.00 GB reserved,      14.00 MB (  1%) committed,  1 nodes.
             Both:        1.12 GB reserved,      98.12 MB (  9%) committed. 

Chunk freelists:
   Non-Class:  11.80 MB
       Class:  1.83 MB
        Both:  13.62 MB

MaxMetaspaceSize: unlimited
CompressedClassSpaceSize: 1.00 GB
Initial GC threshold: 21.00 MB
Current GC threshold: 118.75 MB
CDS: off
 - commit_granule_bytes: 65536.
 - commit_granule_words: 8192.
 - virtual_space_node_default_size: 8388608.
 - enlarge_chunks_in_place: 1.
 - use_allocation_guard: 0.


Internal statistics:

num_allocs_failed_limit: 6.
num_arena_births: 3402.
num_arena_deaths: 10.
num_vsnodes_births: 3.
num_vsnodes_deaths: 0.
num_space_committed: 1570.
num_space_uncommitted: 0.
num_chunks_returned_to_freelist: 23.
num_chunks_taken_from_freelist: 7288.
num_chunk_merges: 6.
num_chunk_splits: 4969.
num_chunks_enlarged: 3369.
num_inconsistent_stats: 0.

CodeHeap 'non-profiled nmethods': size=120000Kb used=13234Kb max_used=13234Kb free=106765Kb
 bounds [0x000001f52edd0000, 0x000001f52fac0000, 0x000001f536300000]
CodeHeap 'profiled nmethods': size=120000Kb used=23118Kb max_used=23118Kb free=96881Kb
 bounds [0x000001f527300000, 0x000001f5289a0000, 0x000001f52e830000]
CodeHeap 'non-nmethods': size=5760Kb used=1964Kb max_used=1979Kb free=3795Kb
 bounds [0x000001f52e830000, 0x000001f52eaa0000, 0x000001f52edd0000]
CodeCache: size=245760Kb, used=38316Kb, max_used=38331Kb, free=207441Kb
 total_blobs=11870, nmethods=11011, adapters=764, full_count=0
Compilation: enabled, stopped_count=0, restarted_count=0

Compilation events (20 events):
Event: 1815.712 Thread 0x000001f53b22a870 13741       3       org.jetbrains.kotlin.metadata.ProtoBuf$QualifiedNameTable$QualifiedName$1::parsePartialFrom (11 bytes)
Event: 1815.714 Thread 0x000001f53b22a870 nmethod 13741 0x000001f528980990 code [0x000001f528980b40, 0x000001f528980d40]
Event: 1815.719 Thread 0x000001f53b22a870 13745       1       org.jetbrains.kotlin.metadata.ProtoBuf$Class::getFqName (5 bytes)
Event: 1815.720 Thread 0x000001f53b22a870 nmethod 13745 0x000001f52fabab90 code [0x000001f52fabad20, 0x000001f52fabade8]
Event: 1815.720 Thread 0x000001f53b22a870 13746       1       kotlin.Triple::component1 (5 bytes)
Event: 1815.720 Thread 0x000001f53b22a870 nmethod 13746 0x000001f52fabae90 code [0x000001f52fabb020, 0x000001f52fabb0e8]
Event: 1815.720 Thread 0x000001f53b22a870 13747       1       kotlin.Triple::component2 (5 bytes)
Event: 1815.720 Thread 0x000001f53b22a870 nmethod 13747 0x000001f52fabb190 code [0x000001f52fabb320, 0x000001f52fabb3e8]
Event: 1815.720 Thread 0x000001f53b22a870 13748       1       kotlin.Triple::getThird (5 bytes)
Event: 1815.721 Thread 0x000001f53b22a870 nmethod 13748 0x000001f52fabb490 code [0x000001f52fabb620, 0x000001f52fabb6e8]
Event: 1815.862 Thread 0x000001f53b22a870 13749   !   3       java.util.concurrent.ConcurrentHashMap::putVal (432 bytes)
Event: 1815.870 Thread 0x000001f53b22a870 nmethod 13749 0x000001f528980e90 code [0x000001f528981220, 0x000001f528982c50]
Event: 1815.972 Thread 0x000001f53b22a870 13750       1       org.jetbrains.kotlin.cli.jvm.compiler.jarfs.FastJarVirtualFile::getNameSequence (5 bytes)
Event: 1815.973 Thread 0x000001f53b22a870 nmethod 13750 0x000001f52fabb790 code [0x000001f52fabb920, 0x000001f52fabb9e8]
Event: 1815.987 Thread 0x000001f53b22a870 13751       3       org.jetbrains.kotlin.metadata.ProtoBuf$Constructor::initFields (35 bytes)
Event: 1815.988 Thread 0x000001f53b22a870 nmethod 13751 0x000001f528983610 code [0x000001f5289837e0, 0x000001f528983c18]
Event: 1815.992 Thread 0x000001f53b22a870 13752   !   3       org.jetbrains.kotlin.metadata.ProtoBuf$TypeTable::<init> (344 bytes)
Event: 1816.003 Thread 0x000001f53b22a870 nmethod 13752 0x000001f528983d10 code [0x000001f5289841a0, 0x000001f528986970]
Event: 1816.014 Thread 0x000001f53b22a870 13755       3       org.jetbrains.kotlin.metadata.ProtoBuf$QualifiedNameTable::getQualifiedNameCount (10 bytes)
Event: 1816.015 Thread 0x000001f53b22a870 nmethod 13755 0x000001f528987990 code [0x000001f528987b40, 0x000001f528987d10]

GC Heap History (20 events):
Event: 1378.376 GC heap before
{Heap before GC invocations=159 (full 0):
 garbage-first heap   total 581632K, used 231479K [0x0000000080000000, 0x0000000100000000)
  region size 1024K, 71 young (72704K), 5 survivors (5120K)
 Metaspace       used 74951K, committed 76736K, reserved 1179648K
  class space    used 10165K, committed 11008K, reserved 1048576K
}
Event: 1378.424 GC heap after
{Heap after GC invocations=160 (full 0):
 garbage-first heap   total 581632K, used 162639K [0x0000000080000000, 0x0000000100000000)
  region size 1024K, 5 young (5120K), 5 survivors (5120K)
 Metaspace       used 74951K, committed 76736K, reserved 1179648K
  class space    used 10165K, committed 11008K, reserved 1048576K
}
Event: 1401.956 GC heap before
{Heap before GC invocations=160 (full 0):
 garbage-first heap   total 581632K, used 276303K [0x0000000080000000, 0x0000000100000000)
  region size 1024K, 117 young (119808K), 5 survivors (5120K)
 Metaspace       used 74973K, committed 76736K, reserved 1179648K
  class space    used 10165K, committed 11008K, reserved 1048576K
}
Event: 1402.221 GC heap after
{Heap after GC invocations=161 (full 0):
 garbage-first heap   total 581632K, used 160611K [0x0000000080000000, 0x0000000100000000)
  region size 1024K, 4 young (4096K), 4 survivors (4096K)
 Metaspace       used 74973K, committed 76736K, reserved 1179648K
  class space    used 10165K, committed 11008K, reserved 1048576K
}
Event: 1403.471 GC heap before
{Heap before GC invocations=161 (full 0):
 garbage-first heap   total 581632K, used 197475K [0x0000000080000000, 0x0000000100000000)
  region size 1024K, 40 young (40960K), 4 survivors (4096K)
 Metaspace       used 74992K, committed 76736K, reserved 1179648K
  class space    used 10165K, committed 11008K, reserved 1048576K
}
Event: 1403.512 GC heap after
{Heap after GC invocations=162 (full 0):
 garbage-first heap   total 581632K, used 161353K [0x0000000080000000, 0x0000000100000000)
  region size 1024K, 4 young (4096K), 4 survivors (4096K)
 Metaspace       used 74992K, committed 76736K, reserved 1179648K
  class space    used 10165K, committed 11008K, reserved 1048576K
}
Event: 1409.625 GC heap before
{Heap before GC invocations=162 (full 0):
 garbage-first heap   total 581632K, used 240201K [0x0000000080000000, 0x0000000100000000)
  region size 1024K, 81 young (82944K), 4 survivors (4096K)
 Metaspace       used 75001K, committed 76736K, reserved 1179648K
  class space    used 10165K, committed 11008K, reserved 1048576K
}
Event: 1409.640 GC heap after
{Heap after GC invocations=163 (full 0):
 garbage-first heap   total 581632K, used 160628K [0x0000000080000000, 0x0000000100000000)
  region size 1024K, 3 young (3072K), 3 survivors (3072K)
 Metaspace       used 75001K, committed 76736K, reserved 1179648K
  class space    used 10165K, committed 11008K, reserved 1048576K
}
Event: 1721.279 GC heap before
{Heap before GC invocations=163 (full 0):
 garbage-first heap   total 581632K, used 373620K [0x0000000080000000, 0x0000000100000000)
  region size 1024K, 202 young (206848K), 3 survivors (3072K)
 Metaspace       used 87193K, committed 88960K, reserved 1179648K
  class space    used 12104K, committed 12928K, reserved 1048576K
}
Event: 1723.895 GC heap after
{Heap after GC invocations=164 (full 0):
 garbage-first heap   total 581632K, used 161496K [0x0000000080000000, 0x0000000100000000)
  region size 1024K, 4 young (4096K), 4 survivors (4096K)
 Metaspace       used 87193K, committed 88960K, reserved 1179648K
  class space    used 12104K, committed 12928K, reserved 1048576K
}
Event: 1776.763 GC heap before
{Heap before GC invocations=164 (full 0):
 garbage-first heap   total 581632K, used 186072K [0x0000000080000000, 0x0000000100000000)
  region size 1024K, 28 young (28672K), 4 survivors (4096K)
 Metaspace       used 90084K, committed 91840K, reserved 1179648K
  class space    used 12491K, committed 13312K, reserved 1048576K
}
Event: 1777.189 GC heap after
{Heap after GC invocations=165 (full 0):
 garbage-first heap   total 581632K, used 162178K [0x0000000080000000, 0x0000000100000000)
  region size 1024K, 3 young (3072K), 3 survivors (3072K)
 Metaspace       used 90084K, committed 91840K, reserved 1179648K
  class space    used 12491K, committed 13312K, reserved 1048576K
}
Event: 1789.003 GC heap before
{Heap before GC invocations=165 (full 0):
 garbage-first heap   total 581632K, used 187778K [0x0000000080000000, 0x0000000100000000)
  region size 1024K, 28 young (28672K), 3 survivors (3072K)
 Metaspace       used 92078K, committed 93952K, reserved 1179648K
  class space    used 12738K, committed 13632K, reserved 1048576K
}
Event: 1789.106 GC heap after
{Heap after GC invocations=166 (full 0):
 garbage-first heap   total 581632K, used 168261K [0x0000000080000000, 0x0000000100000000)
  region size 1024K, 4 young (4096K), 4 survivors (4096K)
 Metaspace       used 92078K, committed 93952K, reserved 1179648K
  class space    used 12738K, committed 13632K, reserved 1048576K
}
Event: 1790.540 GC heap before
{Heap before GC invocations=166 (full 0):
 garbage-first heap   total 581632K, used 191813K [0x0000000080000000, 0x0000000100000000)
  region size 1024K, 28 young (28672K), 4 survivors (4096K)
 Metaspace       used 92104K, committed 93952K, reserved 1179648K
  class space    used 12740K, committed 13632K, reserved 1048576K
}
Event: 1790.659 GC heap after
{Heap after GC invocations=167 (full 0):
 garbage-first heap   total 581632K, used 177849K [0x0000000080000000, 0x0000000100000000)
  region size 1024K, 4 young (4096K), 4 survivors (4096K)
 Metaspace       used 92104K, committed 93952K, reserved 1179648K
  class space    used 12740K, committed 13632K, reserved 1048576K
}
Event: 1801.485 GC heap before
{Heap before GC invocations=167 (full 0):
 garbage-first heap   total 581632K, used 202425K [0x0000000080000000, 0x0000000100000000)
  region size 1024K, 28 young (28672K), 4 survivors (4096K)
 Metaspace       used 94139K, committed 95936K, reserved 1179648K
  class space    used 12964K, committed 13824K, reserved 1048576K
}
Event: 1801.633 GC heap after
{Heap after GC invocations=168 (full 0):
 garbage-first heap   total 581632K, used 182272K [0x0000000080000000, 0x0000000100000000)
  region size 1024K, 4 young (4096K), 4 survivors (4096K)
 Metaspace       used 94139K, committed 95936K, reserved 1179648K
  class space    used 12964K, committed 13824K, reserved 1048576K
}
Event: 1811.535 GC heap before
{Heap before GC invocations=168 (full 0):
 garbage-first heap   total 581632K, used 206848K [0x0000000080000000, 0x0000000100000000)
  region size 1024K, 28 young (28672K), 4 survivors (4096K)
 Metaspace       used 97460K, committed 99328K, reserved 1179648K
  class space    used 13325K, committed 14208K, reserved 1048576K
}
Event: 1811.597 GC heap after
{Heap after GC invocations=169 (full 0):
 garbage-first heap   total 581632K, used 183786K [0x0000000080000000, 0x0000000100000000)
  region size 1024K, 2 young (2048K), 2 survivors (2048K)
 Metaspace       used 97460K, committed 99328K, reserved 1179648K
  class space    used 13325K, committed 14208K, reserved 1048576K
}

Dll operation events (3 events):
Event: 1.541 Loaded shared library C:\Program Files\Android\Android Studio\jbr\bin\java.dll
Event: 2.602 Loaded shared library C:\Program Files\Android\Android Studio\jbr\bin\zip.dll
Event: 47.880 Loaded shared library C:\Program Files\Android\Android Studio\jbr\bin\verify.dll

Deoptimization events (20 events):
Event: 1815.399 Thread 0x000001f540fce380 Uncommon trap: trap_request=0xffffffde fr.pc=0x000001f52f77ca44 relative=0x0000000000000404
Event: 1815.399 Thread 0x000001f540fce380 Uncommon trap: reason=class_check action=maybe_recompile pc=0x000001f52f77ca44 method=org.jetbrains.kotlin.protobuf.FieldSet.isInitialized(Ljava/util/Map$Entry;)Z @ 61 c2
Event: 1815.399 Thread 0x000001f540fce380 DEOPT PACKING pc=0x000001f52f77ca44 sp=0x0000008b693f2a30
Event: 1815.399 Thread 0x000001f540fce380 DEOPT UNPACKING pc=0x000001f52e88429c sp=0x0000008b693f29c8 mode 2
Event: 1815.399 Thread 0x000001f540fce380 Uncommon trap: trap_request=0xffffffde fr.pc=0x000001f52f77ca44 relative=0x0000000000000404
Event: 1815.399 Thread 0x000001f540fce380 Uncommon trap: reason=class_check action=maybe_recompile pc=0x000001f52f77ca44 method=org.jetbrains.kotlin.protobuf.FieldSet.isInitialized(Ljava/util/Map$Entry;)Z @ 61 c2
Event: 1815.399 Thread 0x000001f540fce380 DEOPT PACKING pc=0x000001f52f77ca44 sp=0x0000008b693f2a30
Event: 1815.399 Thread 0x000001f540fce380 DEOPT UNPACKING pc=0x000001f52e88429c sp=0x0000008b693f29c8 mode 2
Event: 1815.402 Thread 0x000001f540fce380 Uncommon trap: trap_request=0xffffff45 fr.pc=0x000001f52f85f450 relative=0x0000000000000b70
Event: 1815.402 Thread 0x000001f540fce380 Uncommon trap: reason=unstable_if action=reinterpret pc=0x000001f52f85f450 method=org.jetbrains.kotlin.metadata.ProtoBuf$Property.hasReturnType()Z @ 9 c2
Event: 1815.402 Thread 0x000001f540fce380 DEOPT PACKING pc=0x000001f52f85f450 sp=0x0000008b693f2ae0
Event: 1815.402 Thread 0x000001f540fce380 DEOPT UNPACKING pc=0x000001f52e88429c sp=0x0000008b693f2a28 mode 2
Event: 1815.404 Thread 0x000001f540fce380 Uncommon trap: trap_request=0xffffffde fr.pc=0x000001f52f77ca44 relative=0x0000000000000404
Event: 1815.404 Thread 0x000001f540fce380 Uncommon trap: reason=class_check action=maybe_recompile pc=0x000001f52f77ca44 method=org.jetbrains.kotlin.protobuf.FieldSet.isInitialized(Ljava/util/Map$Entry;)Z @ 61 c2
Event: 1815.404 Thread 0x000001f540fce380 DEOPT PACKING pc=0x000001f52f77ca44 sp=0x0000008b693f2aa0
Event: 1815.404 Thread 0x000001f540fce380 DEOPT UNPACKING pc=0x000001f52e88429c sp=0x0000008b693f2a38 mode 2
Event: 1815.404 Thread 0x000001f540fce380 Uncommon trap: trap_request=0xffffffde fr.pc=0x000001f52f77ca44 relative=0x0000000000000404
Event: 1815.404 Thread 0x000001f540fce380 Uncommon trap: reason=class_check action=maybe_recompile pc=0x000001f52f77ca44 method=org.jetbrains.kotlin.protobuf.FieldSet.isInitialized(Ljava/util/Map$Entry;)Z @ 61 c2
Event: 1815.404 Thread 0x000001f540fce380 DEOPT PACKING pc=0x000001f52f77ca44 sp=0x0000008b693f2a30
Event: 1815.404 Thread 0x000001f540fce380 DEOPT UNPACKING pc=0x000001f52e88429c sp=0x0000008b693f29c8 mode 2

Classes loaded (20 events):
Event: 1775.752 Loading class sun/nio/cs/UTF_32LE
Event: 1775.753 Loading class sun/nio/cs/UTF_32LE done
Event: 1775.986 Loading class sun/nio/cs/MS1251
Event: 1775.993 Loading class sun/nio/cs/MS1251 done
Event: 1786.968 Loading class java/beans/PropertyChangeSupport
Event: 1786.980 Loading class java/beans/PropertyChangeSupport done
Event: 1786.986 Loading class java/beans/PropertyChangeSupport$PropertyChangeListenerMap
Event: 1786.992 Loading class java/beans/ChangeListenerMap
Event: 1786.998 Loading class java/beans/ChangeListenerMap done
Event: 1786.998 Loading class java/beans/PropertyChangeSupport$PropertyChangeListenerMap done
Event: 1786.998 Loading class java/beans/PropertyChangeListener
Event: 1786.998 Loading class java/beans/PropertyChangeListener done
Event: 1794.475 Loading class java/util/regex/Pattern$Bound
Event: 1794.482 Loading class java/util/regex/Pattern$Bound done
Event: 1794.490 Loading class java/util/regex/Pattern$LookBehindEndNode
Event: 1794.490 Loading class java/util/regex/Pattern$LookBehindEndNode done
Event: 1794.491 Loading class java/util/regex/Pattern$NotBehind
Event: 1794.493 Loading class java/util/regex/Pattern$NotBehind done
Event: 1796.797 Loading class java/util/function/IntUnaryOperator
Event: 1796.802 Loading class java/util/function/IntUnaryOperator done

Classes unloaded (20 events):
Event: 406.038 Thread 0x000001f53b17c370 Unloading class 0x0000000100844000 '_BuildScript_$_run_closure1'
Event: 406.039 Thread 0x000001f53b17c370 Unloading class 0x000000010083c000 '_BuildScript_'
Event: 448.384 Thread 0x000001f53b17c370 Unloading class 0x00000001008d0948 '_BuildScript_$_run_closure1$_closure2'
Event: 448.384 Thread 0x000001f53b17c370 Unloading class 0x00000001008d0528 '_BuildScript_$_run_closure1'
Event: 448.384 Thread 0x000001f53b17c370 Unloading class 0x00000001008d0000 '_BuildScript_'
Event: 595.412 Thread 0x000001f53b17c370 Unloading class 0x00000001009dc948 '_BuildScript_$_run_closure2'
Event: 595.413 Thread 0x000001f53b17c370 Unloading class 0x00000001009dc528 '_BuildScript_$_run_closure1'
Event: 595.413 Thread 0x000001f53b17c370 Unloading class 0x00000001009dc000 '_BuildScript_'
Event: 633.093 Thread 0x000001f53b17c370 Unloading class 0x00000001009e2420 '_BuildScript_$_run_closure1$_closure2'
Event: 633.093 Thread 0x000001f53b17c370 Unloading class 0x00000001009e2000 '_BuildScript_$_run_closure1'
Event: 633.093 Thread 0x000001f53b17c370 Unloading class 0x00000001009e1800 '_BuildScript_'
Event: 739.377 Thread 0x000001f53b17c370 Unloading class 0x00000001009ead68 '_BuildScript_$_run_closure1$_closure3'
Event: 739.377 Thread 0x000001f53b17c370 Unloading class 0x00000001009ea948 '_BuildScript_$_run_closure1$_closure2'
Event: 739.377 Thread 0x000001f53b17c370 Unloading class 0x00000001009ea528 '_BuildScript_$_run_closure1'
Event: 739.377 Thread 0x000001f53b17c370 Unloading class 0x00000001009ea000 '_BuildScript_'
Event: 739.377 Thread 0x000001f53b17c370 Unloading class 0x00000001009e9840 'JetGradlePlugin$_apply_closure1$_closure2$_closure3'
Event: 739.377 Thread 0x000001f53b17c370 Unloading class 0x00000001009e9420 'JetGradlePlugin$_apply_closure1$_closure2'
Event: 739.377 Thread 0x000001f53b17c370 Unloading class 0x00000001009e9000 'JetGradlePlugin$_apply_closure1'
Event: 739.378 Thread 0x000001f53b17c370 Unloading class 0x00000001009e8b00 'JetGradlePlugin'
Event: 739.378 Thread 0x000001f53b17c370 Unloading class 0x00000001009e8800 'RegistryProcessor'

Classes redefined (0 events):
No events

Internal exceptions (20 events):
Event: 1723.961 Thread 0x000001f5405fae60 Exception <a 'sun/nio/fs/WindowsException'{0x00000000ffe2e8c0}> (0x00000000ffe2e8c0) 
thrown [s\src\hotspot\share\prims\jni.cpp, line 537]
Event: 1733.350 Thread 0x000001f5405fae60 Exception <a 'sun/nio/fs/WindowsException'{0x00000000ff088db0}> (0x00000000ff088db0) 
thrown [s\src\hotspot\share\prims\jni.cpp, line 537]
Event: 1736.042 Thread 0x000001f540fce380 Exception <a 'java/lang/NoSuchMethodError'{0x00000000fee77058}: 'java.lang.Object java.lang.invoke.DirectMethodHandle$Holder.invokeStatic(java.lang.Object, java.lang.Object, java.lang.Object, java.lang.Object, int, java.lang.Object)'> (0x00000000fee77058) 
thrown [s\src\hotspot\share\interpreter\linkResolver.cpp, line 784]
Event: 1739.676 Thread 0x000001f540fce380 Exception <a 'java/lang/NoSuchMethodError'{0x00000000fed966b0}: 'long java.lang.invoke.DirectMethodHandle$Holder.invokeStatic(java.lang.Object, java.lang.Object, int)'> (0x00000000fed966b0) 
thrown [s\src\hotspot\share\interpreter\linkResolver.cpp, line 784]
Event: 1740.267 Thread 0x000001f540fce380 Exception <a 'java/lang/NoSuchMethodError'{0x00000000feda2d50}: 'java.lang.Object java.lang.invoke.DelegatingMethodHandle$Holder.reinvoke_L(java.lang.Object, int, long, java.lang.Object, java.lang.Object, int, java.lang.Object)'> (0x00000000feda2d50) 
thrown [s\src\hotspot\share\interpreter\linkResolver.cpp, line 784]
Event: 1743.456 Thread 0x000001f5405fae60 Exception <a 'sun/nio/fs/WindowsException'{0x00000000fec92488}> (0x00000000fec92488) 
thrown [s\src\hotspot\share\prims\jni.cpp, line 537]
Event: 1756.100 Thread 0x000001f5405fae60 Exception <a 'sun/nio/fs/WindowsException'{0x00000000febac370}> (0x00000000febac370) 
thrown [s\src\hotspot\share\prims\jni.cpp, line 537]
Event: 1763.407 Thread 0x000001f5405fae60 Exception <a 'sun/nio/fs/WindowsException'{0x00000000fe903400}> (0x00000000fe903400) 
thrown [s\src\hotspot\share\prims\jni.cpp, line 537]
Event: 1773.278 Thread 0x000001f5405fae60 Exception <a 'sun/nio/fs/WindowsException'{0x00000000a1a06108}> (0x00000000a1a06108) 
thrown [s\src\hotspot\share\prims\jni.cpp, line 537]
Event: 1783.164 Thread 0x000001f5405fae60 Exception <a 'sun/nio/fs/WindowsException'{0x00000000ff248dd0}> (0x00000000ff248dd0) 
thrown [s\src\hotspot\share\prims\jni.cpp, line 537]
Event: 1786.320 Thread 0x000001f540fce380 Exception <a 'java/lang/IncompatibleClassChangeError'{0x00000000febb9db0}: Found class java.lang.Object, but interface was expected> (0x00000000febb9db0) 
thrown [s\src\hotspot\share\interpreter\linkResolver.cpp, line 851]
Event: 1787.287 Thread 0x000001f540fce380 Exception <a 'java/lang/NoSuchMethodError'{0x00000000fe91b1a8}: 'java.lang.Object java.lang.invoke.DirectMethodHandle$Holder.invokeStatic(java.lang.Object, java.lang.Object, long, long)'> (0x00000000fe91b1a8) 
thrown [s\src\hotspot\share\interpreter\linkResolver.cpp, line 784]
Event: 1787.513 Thread 0x000001f540fce380 Exception <a 'java/lang/NoSuchMethodError'{0x00000000fe969350}: 'java.lang.Object java.lang.invoke.DirectMethodHandle$Holder.invokeStatic(java.lang.Object, java.lang.Object, java.lang.Object, long, java.lang.Object)'> (0x00000000fe969350) 
thrown [s\src\hotspot\share\interpreter\linkResolver.cpp, line 784]
Event: 1787.525 Thread 0x000001f540fce380 Exception <a 'java/lang/NoSuchMethodError'{0x00000000fe971c60}: 'java.lang.Object java.lang.invoke.DirectMethodHandle$Holder.newInvokeSpecial(java.lang.Object, java.lang.Object, java.lang.Object, long)'> (0x00000000fe971c60) 
thrown [s\src\hotspot\share\interpreter\linkResolver.cpp, line 784]
Event: 1787.534 Thread 0x000001f540fce380 Exception <a 'java/lang/NoSuchMethodError'{0x00000000fe977180}: 'java.lang.Object java.lang.invoke.Invokers$Holder.linkToTargetMethod(java.lang.Object, java.lang.Object, long, java.lang.Object)'> (0x00000000fe977180) 
thrown [s\src\hotspot\share\interpreter\linkResolver.cpp, line 784]
Event: 1791.152 Thread 0x000001f540fce380 Implicit null exception at 0x000001f52fa7d3e7 to 0x000001f52fa7d7f0
Event: 1791.947 Thread 0x000001f540fce380 Implicit null exception at 0x000001f52fa88672 to 0x000001f52fa89310
Event: 1793.232 Thread 0x000001f5405fae60 Exception <a 'sun/nio/fs/WindowsException'{0x00000000ff7cc2d0}> (0x00000000ff7cc2d0) 
thrown [s\src\hotspot\share\prims\jni.cpp, line 537]
Event: 1803.258 Thread 0x000001f5405fae60 Exception <a 'sun/nio/fs/WindowsException'{0x00000000ff706a98}> (0x00000000ff706a98) 
thrown [s\src\hotspot\share\prims\jni.cpp, line 537]
Event: 1813.557 Thread 0x000001f5405fae60 Exception <a 'sun/nio/fs/WindowsException'{0x00000000ff8fa270}> (0x00000000ff8fa270) 
thrown [s\src\hotspot\share\prims\jni.cpp, line 537]

ZGC Phase Switch (0 events):
No events

VM Operations (20 events):
Event: 1799.913 Executing safepoint VM operation: Cleanup
Event: 1799.934 Executing safepoint VM operation: Cleanup done
Event: 1800.934 Executing safepoint VM operation: Cleanup
Event: 1801.082 Executing safepoint VM operation: Cleanup done
Event: 1801.485 Executing safepoint VM operation: G1CollectForAllocation (G1 Evacuation Pause)
Event: 1801.634 Executing safepoint VM operation: G1CollectForAllocation (G1 Evacuation Pause) done
Event: 1806.137 Executing non-safepoint VM operation: HandshakeAllThreads (HandshakeForDeflation)
Event: 1806.171 Executing non-safepoint VM operation: HandshakeAllThreads (HandshakeForDeflation) done
Event: 1806.171 Executing non-safepoint VM operation: RendezvousGCThreads
Event: 1806.171 Executing non-safepoint VM operation: RendezvousGCThreads done
Event: 1808.172 Executing safepoint VM operation: Cleanup
Event: 1808.195 Executing safepoint VM operation: Cleanup done
Event: 1811.535 Executing safepoint VM operation: G1CollectForAllocation (G1 Evacuation Pause)
Event: 1811.597 Executing safepoint VM operation: G1CollectForAllocation (G1 Evacuation Pause) done
Event: 1814.482 Executing non-safepoint VM operation: HandshakeAllThreads (Deoptimize)
Event: 1814.483 Executing non-safepoint VM operation: HandshakeAllThreads (Deoptimize) done
Event: 1814.483 Executing safepoint VM operation: Cleanup
Event: 1814.483 Executing safepoint VM operation: Cleanup done
Event: 1815.483 Executing safepoint VM operation: Cleanup
Event: 1815.483 Executing safepoint VM operation: Cleanup done

Memory protections (0 events):
No events

Nmethod flushes (20 events):
Event: 974.870 Thread 0x000001f53b17c370 flushing  nmethod 0x000001f52f46ea10
Event: 974.870 Thread 0x000001f53b17c370 flushing  nmethod 0x000001f528187710
Event: 974.870 Thread 0x000001f53b17c370 flushing  nmethod 0x000001f52f227610
Event: 974.870 Thread 0x000001f53b17c370 flushing  nmethod 0x000001f52f338b10
Event: 974.872 Thread 0x000001f53b17c370 flushing  nmethod 0x000001f52f4d9710
Event: 974.872 Thread 0x000001f53b17c370 flushing  nmethod 0x000001f5273ce010
Event: 974.872 Thread 0x000001f53b17c370 flushing  nmethod 0x000001f52745ea10
Event: 974.872 Thread 0x000001f53b17c370 flushing  nmethod 0x000001f527499490
Event: 974.872 Thread 0x000001f53b17c370 flushing  nmethod 0x000001f5275f0310
Event: 974.872 Thread 0x000001f53b17c370 flushing  nmethod 0x000001f5279b5210
Event: 974.872 Thread 0x000001f53b17c370 flushing  nmethod 0x000001f528159f10
Event: 974.872 Thread 0x000001f53b17c370 flushing  nmethod 0x000001f52ee8ec10
Event: 974.872 Thread 0x000001f53b17c370 flushing  nmethod 0x000001f52ef2d410
Event: 974.872 Thread 0x000001f53b17c370 flushing  nmethod 0x000001f52f08a790
Event: 974.872 Thread 0x000001f53b17c370 flushing  nmethod 0x000001f52f132490
Event: 974.872 Thread 0x000001f53b17c370 flushing  nmethod 0x000001f52f221610
Event: 974.873 Thread 0x000001f53b17c370 flushing  nmethod 0x000001f52f495f10
Event: 974.877 Thread 0x000001f53b17c370 flushing  nmethod 0x000001f527661790
Event: 974.877 Thread 0x000001f53b17c370 flushing  nmethod 0x000001f5276feb10
Event: 974.877 Thread 0x000001f53b17c370 flushing  nmethod 0x000001f5281bfd10

Events (20 events):
Event: 207.640 Thread 0x000001f540fce380 Thread added: 0x000001f542d4fe50
Event: 263.445 Thread 0x000001f540fce380 Thread added: 0x000001f542d4e410
Event: 263.446 Thread 0x000001f540fce380 Thread added: 0x000001f542d50b70
Event: 263.446 Thread 0x000001f540fce380 Thread added: 0x000001f542d4d6f0
Event: 263.513 Thread 0x000001f540fce380 Thread added: 0x000001f542d51200
Event: 284.733 Thread 0x000001f540fce380 Thread added: 0x000001f542d504e0
Event: 287.840 Thread 0x000001f540fce380 Thread added: 0x000001f542d4dd80
Event: 295.895 Thread 0x000001f540fce380 Thread added: 0x000001f542d51f20
Event: 297.029 Thread 0x000001f540fce380 Thread added: 0x000001f542d54680
Event: 399.386 Thread 0x000001f540fce380 Thread added: 0x000001f542d53ff0
Event: 399.439 Thread 0x000001f540fce380 Thread added: 0x000001f542d532d0
Event: 416.075 Thread 0x000001f540fce380 Thread added: 0x000001f542d4eaa0
Event: 416.079 Thread 0x000001f540fce380 Thread added: 0x000001f542d53960
Event: 722.217 Thread 0x000001f540fce380 Thread added: 0x000001f54483d110
Event: 883.696 Thread 0x000001f54483d110 Thread exited: 0x000001f54483d110
Event: 957.250 Thread 0x000001f540fce380 Thread added: 0x000001f54483eb50
Event: 1475.788 Thread 0x000001f54483eb50 Thread exited: 0x000001f54483eb50
Event: 1709.684 Thread 0x000001f540fce380 Thread added: 0x000001f54483d110
Event: 1709.708 Thread 0x000001f540fce380 Thread added: 0x000001f54483eb50
Event: 1712.908 Thread 0x000001f54483eb50 Thread added: 0x000001f54483bd60


Dynamic libraries:
0x00007ff65aa20000 - 0x00007ff65aa2a000 	C:\Program Files\Android\Android Studio\jbr\bin\java.exe
0x00007ffaebc00000 - 0x00007ffaebe66000 	C:\WINDOWS\SYSTEM32\ntdll.dll
0x00007ffaeb980000 - 0x00007ffaeba49000 	C:\WINDOWS\System32\KERNEL32.DLL
0x00007ffae9040000 - 0x00007ffae943e000 	C:\WINDOWS\System32\KERNELBASE.dll
0x00007ffae8ee0000 - 0x00007ffae902c000 	C:\WINDOWS\System32\ucrtbase.dll
0x00007ffabc8c0000 - 0x00007ffabc8d8000 	C:\Program Files\Android\Android Studio\jbr\bin\jli.dll
0x00007ffaeab70000 - 0x00007ffaead37000 	C:\WINDOWS\System32\USER32.dll
0x00007ffae8eb0000 - 0x00007ffae8ed7000 	C:\WINDOWS\System32\win32u.dll
0x00007ffaeb950000 - 0x00007ffaeb97b000 	C:\WINDOWS\System32\GDI32.dll
0x00007ffae9510000 - 0x00007ffae963a000 	C:\WINDOWS\System32\gdi32full.dll
0x00007ffae9880000 - 0x00007ffae9923000 	C:\WINDOWS\System32\msvcp_win.dll
0x00007ffad0d70000 - 0x00007ffad0d8b000 	C:\Program Files\Android\Android Studio\jbr\bin\VCRUNTIME140.dll
0x00007ffac7ef0000 - 0x00007ffac8182000 	C:\WINDOWS\WinSxS\amd64_microsoft.windows.common-controls_6595b64144ccf1df_6.0.26100.8894_none_3e0f749ee32e02ea\COMCTL32.dll
0x00007ffaeb880000 - 0x00007ffaeb929000 	C:\WINDOWS\System32\msvcrt.dll
0x00007ffaeba50000 - 0x00007ffaeba82000 	C:\WINDOWS\System32\IMM32.DLL
0x00007ffacc850000 - 0x00007ffacc942000 	C:\Program Files\Windhawk\Engine\1.7.3\64\windhawk.dll
0x00007ffaeb130000 - 0x00007ffaeb1e7000 	C:\WINDOWS\System32\ADVAPI32.dll
0x00007ffaeb530000 - 0x00007ffaeb5da000 	C:\WINDOWS\System32\sechost.dll
0x00007ffaeba90000 - 0x00007ffaebba8000 	C:\WINDOWS\System32\RPCRT4.dll
0x00007ffacdaf0000 - 0x00007ffacdb1b000 	C:\ProgramData\Windhawk\Engine\Mods\64\explorer-details-better-file-sizes_1.5.1_886336.dll
0x00007ffae9ee0000 - 0x00007ffaea079000 	C:\WINDOWS\System32\ole32.dll
0x00007ffaeada0000 - 0x00007ffaeb123000 	C:\WINDOWS\System32\combase.dll
0x00007ffaeb3e0000 - 0x00007ffaeb4b9000 	C:\WINDOWS\System32\OLEAUT32.dll
0x00007ffaea110000 - 0x00007ffaea8a2000 	C:\WINDOWS\System32\SHELL32.dll
0x00007ffaccba0000 - 0x00007ffaccd49000 	C:\ProgramData\Windhawk\Engine\Mods\64\libc++.whl
0x00007ffae5570000 - 0x00007ffae5676000 	C:\WINDOWS\SYSTEM32\PROPSYS.dll
0x00007ffaccd50000 - 0x00007ffaccd8a000 	C:\ProgramData\Windhawk\Engine\Mods\64\libunwind.whl
0x00007ffae67f0000 - 0x00007ffae7082000 	C:\WINDOWS\SYSTEM32\windows.storage.dll
0x000000006be60000 - 0x000000006be6d000 	C:\Program Files (x86)\360\Total Security\safemon\SafeWrapper.dll
0x00007ffae66e0000 - 0x00007ffae67e5000 	C:\Program Files (x86)\360\Total Security\safemon\libzdtp64.dll
0x00007ffaeb4c0000 - 0x00007ffaeb527000 	C:\WINDOWS\System32\SHLWAPI.dll
0x00007ffae8710000 - 0x00007ffae871b000 	C:\WINDOWS\SYSTEM32\VERSION.dll
0x00007ffad9070000 - 0x00007ffad907c000 	C:\Program Files\Android\Android Studio\jbr\bin\vcruntime140_1.dll
0x00007ffa97100000 - 0x00007ffa9718d000 	C:\Program Files\Android\Android Studio\jbr\bin\msvcp140.dll
0x00007ffa42b70000 - 0x00007ffa43806000 	C:\Program Files\Android\Android Studio\jbr\bin\server\jvm.dll
0x00007ffaea080000 - 0x00007ffaea100000 	C:\WINDOWS\System32\WS2_32.dll
0x00007ffae8c80000 - 0x00007ffae8cde000 	C:\WINDOWS\SYSTEM32\POWRPROF.dll
0x00007ffacec10000 - 0x00007ffacec46000 	C:\WINDOWS\SYSTEM32\WINMM.dll
0x00007ffae8c60000 - 0x00007ffae8c74000 	C:\WINDOWS\SYSTEM32\UMPDC.dll
0x00007ffae7a40000 - 0x00007ffae7a5b000 	C:\WINDOWS\SYSTEM32\kernel.appcore.dll
0x00007ffad0cc0000 - 0x00007ffad0cca000 	C:\Program Files\Android\Android Studio\jbr\bin\jimage.dll
0x00007ffae61f0000 - 0x00007ffae6432000 	C:\WINDOWS\SYSTEM32\DBGHELP.DLL
0x00007ffad0730000 - 0x00007ffad076b000 	C:\WINDOWS\SYSTEM32\dbgcore.DLL
0x00007ffae9640000 - 0x00007ffae96ec000 	C:\WINDOWS\System32\bcryptPrimitives.dll
0x00007ffabf360000 - 0x00007ffabf36e000 	C:\Program Files\Android\Android Studio\jbr\bin\instrument.dll
0x00007ffad0870000 - 0x00007ffad0890000 	C:\Program Files\Android\Android Studio\jbr\bin\java.dll
0x00007ffac2940000 - 0x00007ffac2958000 	C:\Program Files\Android\Android Studio\jbr\bin\zip.dll
0x00007ffaea8b0000 - 0x00007ffaea9a7000 	C:\WINDOWS\System32\SHCORE.dll
0x00007ffae8d40000 - 0x00007ffae8d69000 	C:\WINDOWS\SYSTEM32\profapi.dll
0x00007ffad0cb0000 - 0x00007ffad0cc0000 	C:\Program Files\Android\Android Studio\jbr\bin\net.dll
0x00007ffadb080000 - 0x00007ffadb1a7000 	C:\WINDOWS\SYSTEM32\WINHTTP.dll
0x00007ffae7fd0000 - 0x00007ffae803c000 	C:\WINDOWS\system32\mswsock.dll
0x00007ffac27f0000 - 0x00007ffac2806000 	C:\Program Files\Android\Android Studio\jbr\bin\nio.dll
0x00007ffac27e0000 - 0x00007ffac27f0000 	C:\Program Files\Android\Android Studio\jbr\bin\verify.dll
0x00007ffac2910000 - 0x00007ffac2937000 	C:\Users\HP\.gradle\native\660c5614fbf4a5f2a75b1949f50a0caf5cd603558e7d8a26e50b933a0cfb79d1\windows-amd64\native-platform.dll
0x00007ffa66cc0000 - 0x00007ffa66d37000 	C:\Users\HP\.gradle\native\0.2.8\x86_64-windows-gnu\gradle-fileevents.dll
0x00007ffad0860000 - 0x00007ffad0869000 	C:\Program Files\Android\Android Studio\jbr\bin\management.dll
0x00007ffad07b0000 - 0x00007ffad07bb000 	C:\Program Files\Android\Android Studio\jbr\bin\management_ext.dll
0x00007ffaebbb0000 - 0x00007ffaebbb8000 	C:\WINDOWS\System32\PSAPI.DLL
0x00007ffae7430000 - 0x00007ffae7463000 	C:\WINDOWS\SYSTEM32\IPHLPAPI.DLL
0x00007ffae9e50000 - 0x00007ffae9e5a000 	C:\WINDOWS\System32\NSI.dll
0x00007ffad0a30000 - 0x00007ffad0a39000 	C:\Program Files\Android\Android Studio\jbr\bin\extnet.dll
0x00007ffae8400000 - 0x00007ffae841b000 	C:\WINDOWS\SYSTEM32\CRYPTSP.dll
0x00007ffae79a0000 - 0x00007ffae79d9000 	C:\WINDOWS\system32\rsaenh.dll
0x00007ffae8090000 - 0x00007ffae80c2000 	C:\WINDOWS\SYSTEM32\USERENV.dll
0x00007ffae8d10000 - 0x00007ffae8d3a000 	C:\WINDOWS\SYSTEM32\bcrypt.dll
0x00007ffae8240000 - 0x00007ffae824c000 	C:\WINDOWS\SYSTEM32\CRYPTBASE.dll
0x00007ffac67d0000 - 0x00007ffac67d8000 	C:\WINDOWS\system32\wshunix.dll
0x00007ffae7b70000 - 0x00007ffae7ba6000 	C:\WINDOWS\SYSTEM32\ntmarta.dll

JVMTI agents:
C:\Users\HP\.gradle\wrapper\dists\gradle-9.5.0-bin\bvnork1r7n8i6kp5cnkibsc9q\gradle-9.5.0\lib\agents\gradle-instrumentation-agent-9.5.0.jar path:C:\Program Files\Android\Android Studio\jbr\bin\instrument.dll, loaded, initialized, instrumentlib options:none

dbghelp: loaded successfully - version: 4.0.5 - missing functions: none
symbol engine: initialized successfully - sym options: 0x614 - pdb path: .;C:\Program Files\Android\Android Studio\jbr\bin;C:\WINDOWS\SYSTEM32;C:\WINDOWS\WinSxS\amd64_microsoft.windows.common-controls_6595b64144ccf1df_6.0.26100.8894_none_3e0f749ee32e02ea;C:\Program Files\Windhawk\Engine\1.7.3\64;C:\ProgramData\Windhawk\Engine\Mods\64;C:\Program Files (x86)\360\Total Security\safemon;C:\Program Files\Android\Android Studio\jbr\bin\server;C:\Users\HP\.gradle\native\660c5614fbf4a5f2a75b1949f50a0caf5cd603558e7d8a26e50b933a0cfb79d1\windows-amd64;C:\Users\HP\.gradle\native\0.2.8\x86_64-windows-gnu

VM Arguments:
jvm_args: --add-opens=java.base/java.lang=ALL-UNNAMED --add-opens=java.base/java.lang.invoke=ALL-UNNAMED --add-opens=java.base/java.util=ALL-UNNAMED --add-opens=java.prefs/java.util.prefs=ALL-UNNAMED --add-exports=jdk.compiler/com.sun.tools.javac.api=ALL-UNNAMED --add-exports=jdk.compiler/com.sun.tools.javac.util=ALL-UNNAMED --add-opens=java.base/java.nio.charset=ALL-UNNAMED --add-opens=java.base/java.net=ALL-UNNAMED --add-opens=java.base/java.util.concurrent=ALL-UNNAMED --add-opens=java.base/java.util.concurrent.atomic=ALL-UNNAMED --add-opens=java.xml/javax.xml.namespace=ALL-UNNAMED --add-opens=java.base/java.time=ALL-UNNAMED -Xmx2048m -Dfile.encoding=UTF-8 -Duser.country=CI -Duser.language=fr -Duser.variant -javaagent:C:\Users\HP\.gradle\wrapper\dists\gradle-9.5.0-bin\bvnork1r7n8i6kp5cnkibsc9q\gradle-9.5.0\lib\agents\gradle-instrumentation-agent-9.5.0.jar 
java_command: org.gradle.launcher.daemon.bootstrap.GradleDaemon 9.5.0
java_class_path (initial): C:\Users\HP\.gradle\wrapper\dists\gradle-9.5.0-bin\bvnork1r7n8i6kp5cnkibsc9q\gradle-9.5.0\lib\gradle-daemon-main-9.5.0.jar
Launcher Type: SUN_STANDARD

[Global flags]
     intx CICompilerCount                          = 3                                         {product} {ergonomic}
     uint ConcGCThreads                            = 1                                         {product} {ergonomic}
     uint G1ConcRefinementThreads                  = 4                                         {product} {ergonomic}
   size_t G1HeapRegionSize                         = 1048576                                   {product} {ergonomic}
    uintx GCDrainStackTargetSize                   = 64                                        {product} {ergonomic}
   size_t InitialHeapSize                          = 65011712                                  {product} {ergonomic}
   size_t MarkStackSize                            = 4194304                                   {product} {ergonomic}
   size_t MaxHeapSize                              = 2147483648                                {product} {command line}
   size_t MaxNewSize                               = 1287651328                                {product} {ergonomic}
   size_t MinHeapDeltaBytes                        = 1048576                                   {product} {ergonomic}
   size_t MinHeapSize                              = 8388608                                   {product} {ergonomic}
    uintx NonNMethodCodeHeapSize                   = 5832780                                {pd product} {ergonomic}
    uintx NonProfiledCodeHeapSize                  = 122912730                              {pd product} {ergonomic}
    uintx ProfiledCodeHeapSize                     = 122912730                              {pd product} {ergonomic}
    uintx ReservedCodeCacheSize                    = 251658240                              {pd product} {ergonomic}
     bool SegmentedCodeCache                       = true                                      {product} {ergonomic}
   size_t SoftMaxHeapSize                          = 2147483648                             {manageable} {ergonomic}
     bool UseCompressedOops                        = true                           {product lp64_product} {ergonomic}
     bool UseG1GC                                  = true                                      {product} {ergonomic}
     bool UseLargePagesIndividualAllocation        = false                                  {pd product} {ergonomic}

Logging:
Log output configuration:
 #0: stdout all=warning uptime,level,tags foldmultilines=false
 #1: stderr all=off uptime,level,tags foldmultilines=false

Release file:
JAVA_VERSION="21.0.10" 
MODULES="java.base java.compiler java.datatransfer java.xml java.prefs java.desktop java.instrument java.logging java.management java.security.sasl java.naming java.rmi java.management.rmi java.net.http java.scripting java.security.jgss java.transaction.xa java.sql java.sql.rowset java.xml.crypto java.se java.smartcardio jdk.accessibility jdk.internal.jvmstat jdk.attach jdk.charsets jdk.internal.opt jdk.zipfs jdk.compiler jdk.crypto.ec jdk.crypto.cryptoki jdk.dynalink jdk.hotspot.agent jdk.httpserver jdk.internal.ed jdk.internal.le jdk.internal.vm.ci jdk.jartool jdk.javadoc jdk.jcmd jdk.jdeps jdk.jdwp.agent jdk.jdi jdk.jfr jdk.jlink jdk.jsobject jdk.localedata jdk.management jdk.management.agent jdk.management.jfr jdk.naming.dns jdk.naming.rmi jdk.net jdk.sctp jdk.security.auth jdk.security.jgss jdk.unsupported jdk.unsupported.desktop jdk.xml.dom" 
IMPLEMENTOR="JetBrains s.r.o." 
JAVA_RUNTIME_VERSION="21.0.10+-14961533-b1163.108" 
LIBC="default" 
OS_ARCH="x86_64" 
OS_NAME="Windows" 
SOURCE=".:git:1351622c2ff2" 

Environment Variables:
JAVA_HOME=C:\Program Files\java\jdk-26.0.1
PATH=C:\WINDOWS\system32;C:\WINDOWS;C:\WINDOWS\System32\Wbem;C:\WINDOWS\System32\WindowsPowerShell\v1.0\;C:\WINDOWS\System32\OpenSSH\;C:\Program Files\Microsoft SQL Server\170\Tools\Binn\;C:\Program Files\nodejs\;C:\ProgramData\chocolatey\bin;C:\Program Files\dotnet\;C:\Program Files\Cloudflare\Cloudflare WARP\;C:\Program Files\Docker\Docker\resources\bin;C:\Program Files\java\jdk-26.0.1\bin;C:\Gradl\gradle-9.6.0\bin;C:\SRC\flutter\bin\cache\dart-sdk\bin\dart.exe;C:\tools\dart-sdk;C:\Program Files\Git\cmd;C:\Users\HP\AppData\Local\agy\bin;C:\WINDOWS\system32;C:\WINDOWS;C:\WINDOWS\System32\Wbem;C:\WINDOWS\System32\WindowsPowerShell\v1.0\;C:\WINDOWS\System32\OpenSSH\;C:\Program Files\Microsoft SQL Server\170\Tools\Binn\;C:\Program Files\nodejs\;C:\Program Files\Git\cmd;C:\ProgramData\chocolatey\bin;C:\Program Files\dotnet\;C:\Program Files\Cloudflare\Cloudflare WARP\;C:\Users\HP\AppData\Local\Programs\Python\Launcher\;C:\Users\HP\AppData\Local\Microsoft\WindowsApps;C:\Users\HP\AppData\Local\Python\bin;C:\Users\HP\AppData\Local\Programs\Microsoft VS Code\bin;C:\SRC\flutter\bin;C:\SRC\flutter\bin\cache\dart-sdk\bin;C:\SRC\flutter\bin\cache\artifacts\engine\windows-x64;C:\Users\HP\AppData\Local\pub\cache\bin;C:\Users\HP\AppData\Roaming\npm;C:\Users\HP\.dotnet\tools;C:\Users\HP\AppData\Local\Programs\Ollama;C:\Users\HP\AppData\Local\Python\pythoncore-3.14-64\Scripts;C:\Users\HP\.lmstudio\bin;C:\Users\HP\.dotnet\tools;C:\Users\HP\.local\bin;C:\tools\dart-sdk\bin
USERNAME=HP
OS=Windows_NT
PROCESSOR_IDENTIFIER=Intel64 Family 6 Model 122 Stepping 8, GenuineIntel
TMP=C:\Users\HP\AppData\Local\Temp
TEMP=C:\Users\HP\AppData\Local\Temp




Periodic native trim disabled

JNI global refs:
JNI global refs: 25, weak refs: 6

JNI global refs memory usage: 835, weak refs: 833

Process memory usage:
Resident Set Size: 219412K (5% of 4003372K total physical memory with 57340K free physical memory)

OOME stack traces (most recent first):
Classloader memory used:
Loader org.gradle.internal.classloader.VisitableURLClassLoader                         : 65782K
Loader bootstrap                                                                       : 23476K
Loader org.gradle.initialization.MixInLegacyTypesClassLoader                           : 6791K
Loader org.gradle.internal.classloader.VisitableURLClassLoader                         : 771K
Loader org.gradle.internal.classloader.VisitableURLClassLoader$InstrumentingVisitableURLClassLoader: 598K
Loader jdk.internal.loader.ClassLoaders$PlatformClassLoader                            : 446K
Loader jdk.internal.jrtfs.JrtFileSystemProvider$JrtFsLoader                            : 325K
Loader jdk.internal.reflect.DelegatingClassLoader                                      : 192K
Loader jdk.internal.loader.ClassLoaders$AppClassLoader                                 : 189K
Loader org.gradle.groovy.scripts.internal.DefaultScriptCompilationHandler$ScriptClassLoader: 92008B

Classes loaded by more than one classloader:
Class org.gradle.internal.IoActions                                                   : loaded 3 times (x 71B)
Class org.gradle.api.Action                                                           : loaded 3 times (x 70B)
Class org.gradle.api.GradleException                                                  : loaded 3 times (x 82B)
Class org.gradle.internal.classloader.ClassLoaderHierarchy                            : loaded 2 times (x 70B)
Class jdk.internal.jimage.decompressor.StringSharingDecompressorFactory               : loaded 2 times (x 74B)
Class com.google.common.collect.UnmodifiableListIterator                              : loaded 2 times (x 95B)
Class org.gradle.internal.operations.MultipleBuildOperationFailures                   : loaded 2 times (x 95B)
Class org.gradle.internal.classloader.DefaultClassLoaderFactory                       : loaded 2 times (x 82B)
Class kotlin.collections.AbstractList$Companion                                       : loaded 2 times (x 71B)
Class org.gradle.api.internal.DefaultClassPathProvider                                : loaded 2 times (x 76B)
Class [Lorg.gradle.api.internal.ClassPathProvider;                                    : loaded 2 times (x 69B)
Class org.gradle.api.internal.ClassPathProvider                                       : loaded 2 times (x 70B)
Class jdk.internal.jrtfs.SystemImage                                                  : loaded 2 times (x 74B)
Class org.gradle.internal.service.UnknownServiceException                             : loaded 2 times (x 83B)
Class org.gradle.internal.classpath.TransformedClassPath                              : loaded 2 times (x 96B)
Class org.gradle.internal.classloader.InstrumentingClassLoader                        : loaded 2 times (x 70B)
Class jdk.internal.jrtfs.SystemImage$1                                                : loaded 2 times (x 78B)
Class com.google.common.collect.Iterators$ArrayItr                                    : loaded 2 times (x 97B)
Class kotlin.enums.EnumEntriesList                                                    : loaded 2 times (x 223B)
Class jdk.internal.jrtfs.SystemImage$2                                                : loaded 2 times (x 76B)
Class com.google.common.collect.UnmodifiableIterator                                  : loaded 2 times (x 80B)
Class org.gradle.internal.service.ServiceLocator                                      : loaded 2 times (x 70B)
Class jdk.internal.jrtfs.JrtFileSystemProvider                                        : loaded 2 times (x 101B)
Class com.google.common.collect.Iterators$SingletonIterator                           : loaded 2 times (x 81B)
Class com.google.common.collect.Iterators                                             : loaded 2 times (x 71B)
Class jdk.internal.jimage.ImageLocation                                               : loaded 2 times (x 90B)
Class jdk.internal.jrtfs.JrtDirectoryStream$1                                         : loaded 2 times (x 83B)
Class com.google.common.collect.Lists$StringAsImmutableList                           : loaded 2 times (x 207B)
Class jdk.internal.jimage.ImageBufferCache$1                                          : loaded 2 times (x 83B)
Class org.gradle.internal.time.DefaultTimer                                           : loaded 2 times (x 80B)
Class jdk.internal.jimage.ImageBufferCache$2                                          : loaded 2 times (x 91B)
Class org.gradle.api.internal.classpath.DefaultModuleRegistry$DefaultModule           : loaded 2 times (x 82B)
Class com.google.common.collect.AbstractIterator                                      : loaded 2 times (x 82B)
Class com.google.common.collect.AbstractIndexedListIterator                           : loaded 2 times (x 96B)
Class org.gradle.internal.time.DefaultCountdownTimer                                  : loaded 2 times (x 88B)
Class org.gradle.api.internal.classpath.Module                                        : loaded 2 times (x 70B)
Class org.gradle.api.internal.classpath.UnknownModuleException                        : loaded 2 times (x 82B)
Class jdk.internal.jimage.ImageHeader                                                 : loaded 2 times (x 71B)
Class org.gradle.api.internal.DefaultClassPathRegistry                                : loaded 2 times (x 76B)
Class org.gradle.internal.classpath.DefaultClassPath$ImmutableUniqueList              : loaded 2 times (x 199B)
Class org.gradle.api.internal.ClassPathRegistry                                       : loaded 2 times (x 70B)
Class jdk.internal.jimage.decompressor.ResourceDecompressor                           : loaded 2 times (x 70B)
Class org.gradle.internal.classpath.ClassPath                                         : loaded 2 times (x 70B)
Class org.gradle.api.internal.classpath.DefaultModuleRegistry$DefaultModuleAlias      : loaded 2 times (x 80B)
Class jdk.internal.jimage.ImageStringsReader                                          : loaded 2 times (x 80B)
Class com.google.common.collect.Iterators$1                                           : loaded 2 times (x 81B)
Class org.gradle.tooling.model.Model                                                  : loaded 2 times (x 70B)
Class kotlin.UninitializedPropertyAccessException                                     : loaded 2 times (x 82B)
Class jdk.internal.jimage.ImageReader                                                 : loaded 2 times (x 75B)
Class jdk.internal.jimage.ImageReader$SharedImageReader                               : loaded 2 times (x 95B)
Class com.google.common.collect.Iterators$4                                           : loaded 2 times (x 82B)
Class ijInit1_583rg5s0srppob1w8gtbg54mn                                               : loaded 2 times (x 171B)
Class jdk.internal.jimage.BasicImageReader                                            : loaded 2 times (x 95B)
Class org.gradle.internal.installation.GradleInstallation$1                           : loaded 2 times (x 75B)
Class jdk.internal.jimage.decompressor.ResourceDecompressorFactory                    : loaded 2 times (x 74B)
Class com.google.common.collect.Iterators$5                                           : loaded 2 times (x 82B)
Class jdk.internal.jimage.ImageReader$Node                                            : loaded 2 times (x 84B)
Class com.google.common.collect.ImmutableCollection                                   : loaded 2 times (x 125B)
Class org.gradle.tooling.model.idea.BasicIdeaProject                                  : loaded 2 times (x 70B)
Class org.gradle.api.internal.classpath.DefaultModuleRegistry                         : loaded 2 times (x 84B)
Class jdk.internal.jimage.BasicImageReader$1                                          : loaded 2 times (x 77B)
Class com.google.common.collect.Lists                                                 : loaded 2 times (x 71B)
Class com.google.common.collect.Iterators$9                                           : loaded 2 times (x 81B)
Class org.gradle.tooling.model.GradleProject                                          : loaded 2 times (x 70B)
Class jdk.internal.jimage.decompressor.Decompressor                                   : loaded 2 times (x 72B)
Class jdk.internal.jimage.ImageReader$Resource                                        : loaded 2 times (x 84B)
Class org.gradle.internal.time.MonotonicClock                                         : loaded 2 times (x 77B)
Class org.gradle.internal.service.ServiceLookupException                              : loaded 2 times (x 82B)
Class jdk.internal.jrtfs.JrtFileAttributes                                            : loaded 2 times (x 83B)
Class org.gradle.internal.classloader.ClassLoaderFactory                              : loaded 2 times (x 70B)
Class org.gradle.internal.service.CachingServiceLocator                               : loaded 2 times (x 82B)
Class org.gradle.internal.time.TimeSource                                             : loaded 2 times (x 70B)
Class kotlin.enums.EnumEntries                                                        : loaded 2 times (x 70B)
Class ijInit1_583rg5s0srppob1w8gtbg54mn$_run_closure1                                 : loaded 2 times (x 140B)
Class org.gradle.internal.exceptions.ResolutionProvider                               : loaded 2 times (x 70B)
Class jdk.internal.jimage.ImageBufferCache                                            : loaded 2 times (x 71B)
Class jdk.internal.jrtfs.JrtPath                                                      : loaded 2 times (x 118B)
Class org.gradle.internal.classloader.ClasspathUtil                                   : loaded 2 times (x 71B)
Class org.gradle.internal.time.TimeSource$1                                           : loaded 2 times (x 77B)
Class kotlin.jvm.internal.DefaultConstructorMarker                                    : loaded 2 times (x 71B)
Class org.gradle.api.specs.Spec                                                       : loaded 2 times (x 70B)
Class jdk.internal.jimage.ImageReader$SharedImageReader$LocationVisitor               : loaded 2 times (x 70B)
Class jdk.internal.jimage.decompressor.ResourceDecompressorRepository                 : loaded 2 times (x 71B)
Class org.gradle.internal.time.Clock                                                  : loaded 2 times (x 70B)
Class org.gradle.tooling.model.BuildModel                                             : loaded 2 times (x 70B)
Class jdk.internal.jimage.ImageReader$Directory                                       : loaded 2 times (x 84B)
Class org.gradle.tooling.model.Element                                                : loaded 2 times (x 70B)
Class kotlin.collections.AbstractList                                                 : loaded 2 times (x 197B)
Class kotlin.collections.AbstractCollection                                           : loaded 2 times (x 117B)
Class org.gradle.internal.classloader.VisitableURLClassLoader$InstrumentingVisitableURLClassLoader: loaded 2 times (x 123B)
Class org.gradle.internal.classloader.VisitableURLClassLoader$Spec                    : loaded 2 times (x 74B)
Class org.gradle.internal.classpath.DefaultClassPath                                  : loaded 2 times (x 90B)
Class jdk.internal.jimage.decompressor.ZipDecompressorFactory                         : loaded 2 times (x 74B)
Class org.gradle.util.internal.DefaultGradleVersion                                   : loaded 2 times (x 82B)
Class org.gradle.internal.classloader.ClassLoaderSpec                                 : loaded 2 times (x 71B)
Class sync_studio_tooling_254udzgg0cg3bzbbkg7lnkc3x$_run_closure1                     : loaded 2 times (x 139B)
Class org.gradle.api.internal.classpath.Module$ModuleAlias                            : loaded 2 times (x 70B)
Class org.gradle.internal.classloader.VisitableURLClassLoader                         : loaded 2 times (x 117B)
Class org.gradle.internal.classloader.FilteringClassLoader                            : loaded 2 times (x 105B)
Class org.gradle.tooling.model.eclipse.EclipseProject                                 : loaded 2 times (x 70B)
Class org.gradle.internal.Cast                                                        : loaded 2 times (x 71B)
Class jdk.internal.jimage.decompressor.ZipDecompressor                                : loaded 2 times (x 75B)
Class org.gradle.internal.classpath.DefaultClassPath$ImmutableUniqueList$Builder      : loaded 2 times (x 75B)
Class org.gradle.api.internal.classpath.ModuleRegistry                                : loaded 2 times (x 70B)
Class org.gradle.internal.exceptions.NonGradleCauseExceptionsHolder                   : loaded 2 times (x 70B)
Class jdk.internal.jimage.ImageStrings                                                : loaded 2 times (x 70B)
Class org.gradle.tooling.model.eclipse.HierarchicalEclipseProject                     : loaded 2 times (x 70B)
Class kotlin.NotImplementedError                                                      : loaded 2 times (x 82B)
Class kotlin.enums.EnumEntriesKt                                                      : loaded 2 times (x 71B)
Class org.gradle.internal.exceptions.MultiCauseException                              : loaded 2 times (x 70B)
Class org.gradle.internal.time.CountdownTimer                                         : loaded 2 times (x 70B)
Class kotlin.jvm.internal.Intrinsics                                                  : loaded 2 times (x 71B)
Class jdk.internal.jrtfs.JrtFileSystem                                                : loaded 2 times (x 102B)
Class org.gradle.tooling.model.ProjectModel                                           : loaded 2 times (x 70B)
Class org.gradle.tooling.model.gradle.GradleBuild                                     : loaded 2 times (x 70B)
Class jdk.internal.jimage.decompressor.CompressedResourceHeader                       : loaded 2 times (x 71B)
Class kotlin.KotlinNullPointerException                                               : loaded 2 times (x 83B)
Class org.gradle.internal.exceptions.DefaultMultiCauseException                       : loaded 2 times (x 95B)
Class com.google.common.base.Preconditions                                            : loaded 2 times (x 71B)
Class org.gradle.tooling.model.HierarchicalElement                                    : loaded 2 times (x 70B)
Class com.google.common.collect.PeekingIterator                                       : loaded 2 times (x 70B)
Class org.gradle.internal.time.Time                                                   : loaded 2 times (x 71B)
Class sync_studio_tooling_254udzgg0cg3bzbbkg7lnkc3x                                   : loaded 2 times (x 171B)
Class kotlin.NoWhenBranchMatchedException                                             : loaded 2 times (x 82B)
Class org.gradle.tooling.model.BuildableElement                                       : loaded 2 times (x 70B)
Class org.gradle.tooling.model.HasGradleProject                                       : loaded 2 times (x 70B)
Class org.gradle.internal.time.Timer                                                  : loaded 2 times (x 70B)
Class kotlin.jvm.internal.markers.KMappedMarker                                       : loaded 2 times (x 70B)
Class org.gradle.internal.installation.CurrentGradleInstallationLocator               : loaded 2 times (x 71B)
Class com.google.common.collect.ImmutableList                                         : loaded 2 times (x 206B)
Class org.gradle.tooling.model.idea.IdeaProject                                       : loaded 2 times (x 70B)
Class org.gradle.internal.service.DefaultServiceLocator                               : loaded 2 times (x 83B)
Class jdk.internal.jrtfs.JrtDirectoryStream                                           : loaded 2 times (x 89B)
Class org.gradle.util.GradleVersion                                                   : loaded 2 times (x 81B)
Class org.gradle.internal.installation.CurrentGradleInstallation                      : loaded 2 times (x 73B)
Class org.gradle.tooling.model.gradle.ProjectPublications                             : loaded 2 times (x 70B)
Class org.gradle.util.internal.GUtil                                                  : loaded 2 times (x 71B)
Class com.google.common.collect.Iterators$MergingIterator                             : loaded 2 times (x 81B)
Class org.gradle.internal.installation.GradleInstallation                             : loaded 2 times (x 75B)
Class jdk.internal.jimage.decompressor.ResourceDecompressor$StringsProvider           : loaded 2 times (x 70B)

---------------  S Y S T E M  ---------------

OS:
 Windows 11 , 64 bit Build 26100 (10.0.26100.8875)
OS uptime: 2 days 1:54 hours
Hyper-V role detected

CPU: total 4 (initial active 4) (4 cores per cpu, 1 threads per core) family 6 model 122 stepping 8 microcode 0x24, cx8, cmov, fxsr, mmx, 3dnowpref, sse, sse2, sse3, ssse3, sse4.1, sse4.2, popcnt, tsc, tscinvbit, aes, erms, clmul, sha, clflush, clflushopt, hv, rdtscp, rdpid
Processor Information for the first 4 processors :
  Max Mhz: 1101, Current Mhz: 1101, Mhz Limit: 1101

Memory: 4k page, system-wide physical 3909M (61M free)
TotalPageFile size 15685M (AvailPageFile size 4M)
current process WorkingSet (physical memory assigned to process): 218M, peak: 378M
current process commit charge ("private bytes"): 864M, peak: 877M

vm_info: OpenJDK 64-Bit Server VM (21.0.10+-14961533-b1163.108) for windows-amd64 JRE (21.0.10+-14961533-b1163.108), built on 2026-03-02T19:58:50Z by "builder" with MS VC++ 16.10 / 16.11 (VS2019)

END.
